Onions,Fresh Fish Fillets,Cucumber,Ginger
Bell Peppers,Fresh Fish Fillets,Spinach,Chicken Breast,Cooking Oil (Olive or Sunflower),Paneer or Tofu
Butter,Oranges,Tomatoes,Onions
Garlic,Ginger,Greek Yogurt,Cheese (Cheddar or Mozzarella)
Paneer or Tofu,Garlic,Ground Beef or Lamb
Ginger,Grapes,Butter,Cucumber,Dishwashing Liquid,Onions,Carrots,Ground Beef or Lamb,Oranges
Cucumber,Bell Peppers,Garlic,Prawns or Shrimp,Bananas,Spinach,Potatoes,Lemons
Apples,Laundry Detergent,Cheese (Cheddar or Mozzarella),Cucumber
Fresh Fish Fillets,Grapes,Paneer or Tofu
Sponges/Scrubbers,Lemons,Potatoes,Paneer or Tofu
All-Purpose Surface Cleaner,Eggs,Cheese (Cheddar or Mozzarella),Apples,Butter,Garlic,Ground Beef or Lamb
Tomatoes,Chicken Breast,Ginger,Prawns or Shrimp
Potatoes,Laundry Detergent,Ginger,Spinach,Lemons,Cucumber,Grapes
Carrots,Apples,Cooking Oil (Olive or Sunflower),Garlic,Chicken Breast,Cucumber,Ground Beef or Lamb,Dishwashing Liquid
Cheese (Cheddar or Mozzarella),Eggs,Carrots,Paneer or Tofu
Carrots,Grapes,Lemons,Cucumber,Eggs,Ground Beef or Lamb
Chicken Breast,Bananas,All-Purpose Surface Cleaner,Prawns or Shrimp,Laundry Detergent,Tomatoes
All-Purpose Surface Cleaner,Tomatoes,Dishwashing Liquid,Bananas,Lemons,Cucumber
Garlic,Sponges/Scrubbers,Butter,Cooking Oil (Olive or Sunflower)
Garlic,Eggs,Full-Cream Milk,Lemons,Cooking Oil (Olive or Sunflower),Grapes,Bell Peppers,Cucumber
Ginger,Fresh Fish Fillets,Paneer or Tofu,Cucumber,Butter
Cooking Oil (Olive or Sunflower),Butter,Lemons,Apples,Ginger,Bell Peppers,Greek Yogurt,Full-Cream Milk,Potatoes
Laundry Detergent,Spinach,Bell Peppers
Dishwashing Liquid,Chicken Breast,Oranges,Cheese (Cheddar or Mozzarella),Potatoes
Lemons,Cheese (Cheddar or Mozzarella),Grapes,Greek Yogurt,Cucumber,Paneer or Tofu,Onions,Chicken Breast,Spinach
Prawns or Shrimp,Eggs,Bananas,Spinach,Broccoli,Oranges,Carrots
Onions,Fresh Fish Fillets,Cooking Oil (Olive or Sunflower),Cucumber,Greek Yogurt,Prawns or Shrimp,Carrots,Dishwashing Liquid,Spinach,Eggs
All-Purpose Surface Cleaner,Eggs,Greek Yogurt,Cheese (Cheddar or Mozzarella),Garlic,Bell Peppers,Apples
Paneer or Tofu,Prawns or Shrimp,Sponges/Scrubbers,Greek Yogurt,Onions
Full-Cream Milk,Onions,Spinach,Apples,Dishwashing Liquid,Broccoli,Ginger,Tomatoes
Cooking Oil (Olive or Sunflower),Butter,Potatoes,Laundry Detergent,Fresh Fish Fillets,Full-Cream Milk
Prawns or Shrimp,Paneer or Tofu,Bell Peppers,Chicken Breast
Paneer or Tofu,Carrots,Cucumber,Greek Yogurt,Cheese (Cheddar or Mozzarella),Oranges,Garlic,Sponges/Scrubbers,Fresh Fish Fillets,Broccoli
Chicken Breast,Eggs,Apples,Grapes,Greek Yogurt,All-Purpose Surface Cleaner,Spinach,Ginger,Ground Beef or Lamb
Bananas,Onions,Butter,Paneer or Tofu
Butter,Ginger,Onions,Potatoes,Ground Beef or Lamb,Eggs
Ginger,Potatoes,Cooking Oil (Olive or Sunflower)
Laundry Detergent,Bananas,Potatoes
Cucumber,Chicken Breast,Full-Cream Milk,Garlic,Paneer or Tofu,Bell Peppers
Ginger,Dishwashing Liquid,Full-Cream Milk,Cooking Oil (Olive or Sunflower),Oranges,Garlic,Spinach,Fresh Fish Fillets,Chicken Breast,All-Purpose Surface Cleaner
Oranges,Sponges/Scrubbers,Grapes,Fresh Fish Fillets,Tomatoes,Chicken Breast,Eggs,All-Purpose Surface Cleaner
Tomatoes,Lemons,Fresh Fish Fillets,Bananas
Ginger,Garlic,Paneer or Tofu,Grapes
Oranges,Carrots,Cucumber,Grapes,Ginger
Grapes,Dishwashing Liquid,Laundry Detergent,Paneer or Tofu
Tomatoes,Eggs,Paneer or Tofu,All-Purpose Surface Cleaner
Potatoes,Sponges/Scrubbers,Prawns or Shrimp
Carrots,Oranges,Full-Cream Milk,Laundry Detergent,Garlic,Lemons
Carrots,Lemons,Onions
Cucumber,Dishwashing Liquid,Cooking Oil (Olive or Sunflower),Grapes,Broccoli,Oranges,Ground Beef or Lamb,Paneer or Tofu,Chicken Breast
Bell Peppers,Garlic,Broccoli,Cooking Oil (Olive or Sunflower),Tomatoes,Butter,Fresh Fish Fillets,Paneer or Tofu,Dishwashing Liquid,Bananas
Tomatoes,Butter,Full-Cream Milk
Tomatoes,Greek Yogurt,Potatoes,Laundry Detergent,Carrots
Cheese (Cheddar or Mozzarella),Potatoes,Chicken Breast,Laundry Detergent
Lemons,Spinach,Butter,Ginger,Laundry Detergent,Cheese (Cheddar or Mozzarella)
Cheese (Cheddar or Mozzarella),Potatoes,Oranges
Sponges/Scrubbers,Cucumber,Garlic,Chicken Breast,Ground Beef or Lamb,Bananas,Ginger,Cooking Oil (Olive or Sunflower)
Bell Peppers,Chicken Breast,Eggs,Broccoli,Grapes,Bananas,Potatoes,Onions,Dishwashing Liquid
Potatoes,Paneer or Tofu,Garlic,Greek Yogurt
Bell Peppers,Apples,Potatoes,Ginger,Cooking Oil (Olive or Sunflower),Broccoli,Carrots
All-Purpose Surface Cleaner,Paneer or Tofu,Ground Beef or Lamb,Broccoli,Cheese (Cheddar or Mozzarella),Eggs,Greek Yogurt,Onions,Chicken Breast,Cooking Oil (Olive or Sunflower)
Sponges/Scrubbers,Chicken Breast,Spinach,Bell Peppers,Cucumber,Laundry Detergent,Prawns or Shrimp
Cucumber,Broccoli,Cheese (Cheddar or Mozzarella),Garlic,Ground Beef or Lamb
Garlic,Chicken Breast,Eggs,Cucumber,Greek Yogurt,Full-Cream Milk,All-Purpose Surface Cleaner,Tomatoes
Eggs,Oranges,All-Purpose Surface Cleaner,Cucumber
Onions,Bananas,Prawns or Shrimp
Eggs,Cucumber,Carrots,Fresh Fish Fillets,Grapes
Paneer or Tofu,Onions,Spinach,Potatoes,Ground Beef or Lamb,Bell Peppers,Sponges/Scrubbers,Tomatoes,Apples
Oranges,Bell Peppers,Tomatoes,Broccoli,Apples
Cooking Oil (Olive or Sunflower),Apples,Garlic
Chicken Breast,Spinach,Apples,Prawns or Shrimp,Paneer or Tofu,Oranges
Sponges/Scrubbers,Ginger,Laundry Detergent,Carrots,Dishwashing Liquid
Cooking Oil (Olive or Sunflower),Oranges,Onions,Carrots,Fresh Fish Fillets
Dishwashing Liquid,Oranges,Sponges/Scrubbers,Chicken Breast,Fresh Fish Fillets,Ginger,Cucumber,Carrots
Lemons,Laundry Detergent,Tomatoes,Full-Cream Milk
Garlic,All-Purpose Surface Cleaner,Grapes,Apples,Broccoli,Ginger
Onions,Chicken Breast,Garlic,Lemons,Bananas,Cucumber
Prawns or Shrimp,Cucumber,Apples,Eggs
Chicken Breast,All-Purpose Surface Cleaner,Paneer or Tofu,Bananas,Onions,Spinach,Cucumber,Carrots,Butter
Tomatoes,Spinach,Cheese (Cheddar or Mozzarella),Oranges,Apples,Fresh Fish Fillets,Bananas
Cheese (Cheddar or Mozzarella),Greek Yogurt,Spinach,Lemons,Butter,Garlic,Cucumber,Tomatoes,Oranges
Greek Yogurt,Sponges/Scrubbers,Dishwashing Liquid
Apples,Oranges,Potatoes,Chicken Breast,Bananas,Cheese (Cheddar or Mozzarella)
Chicken Breast,Laundry Detergent,Spinach,Fresh Fish Fillets,Broccoli,Greek Yogurt,Dishwashing Liquid,Sponges/Scrubbers
Bananas,Lemons,Ground Beef or Lamb,Broccoli,Paneer or Tofu,Bell Peppers,Garlic,Oranges,Chicken Breast
Chicken Breast,Fresh Fish Fillets,Carrots,Cheese (Cheddar or Mozzarella),Butter,Broccoli,Lemons,Paneer or Tofu,Onions
Broccoli,Garlic,Oranges,Dishwashing Liquid,Butter,Cheese (Cheddar or Mozzarella),Eggs
Grapes,Sponges/Scrubbers,Cooking Oil (Olive or Sunflower),Chicken Breast,Garlic,Greek Yogurt,Full-Cream Milk,Carrots
Broccoli,Greek Yogurt,Chicken Breast,Eggs
Potatoes,All-Purpose Surface Cleaner,Prawns or Shrimp,Ginger,Chicken Breast,Broccoli,Cooking Oil (Olive or Sunflower),Garlic
Onions,Tomatoes,Ginger,Full-Cream Milk,Cheese (Cheddar or Mozzarella)
Grapes,Oranges,Cooking Oil (Olive or Sunflower),Eggs
Ground Beef or Lamb,Sponges/Scrubbers,Lemons,Full-Cream Milk,Laundry Detergent,Ginger
Eggs,Ground Beef or Lamb,Onions,Cooking Oil (Olive or Sunflower),Prawns or Shrimp
Prawns or Shrimp,Oranges,Ginger,Carrots
Tomatoes,Paneer or Tofu,Ginger,Spinach,Grapes,Bell Peppers,Dishwashing Liquid,Chicken Breast,Greek Yogurt,Cooking Oil (Olive or Sunflower)
Prawns or Shrimp,Cooking Oil (Olive or Sunflower),Grapes,Cheese (Cheddar or Mozzarella),Fresh Fish Fillets,Greek Yogurt,Oranges,Paneer or Tofu
Cooking Oil (Olive or Sunflower),Carrots,Fresh Fish Fillets,Full-Cream Milk,Grapes,Cucumber,Ginger,Eggs,Prawns or Shrimp,Greek Yogurt
Eggs,Ginger,Cucumber,Grapes,Potatoes,Ground Beef or Lamb,Broccoli,Cooking Oil (Olive or Sunflower),Laundry Detergent,Bananas
Cooking Oil (Olive or Sunflower),Paneer or Tofu,Potatoes,Bell Peppers,All-Purpose Surface Cleaner,Ginger,Lemons,Ground Beef or Lamb
Ground Beef or Lamb,Garlic,Potatoes,Oranges,Bananas
Oranges,Tomatoes,Garlic,All-Purpose Surface Cleaner,Sponges/Scrubbers,Lemons,Butter,Ground Beef or Lamb,Onions,Fresh Fish Fillets
Full-Cream Milk,Onions,Apples,Broccoli,Prawns or Shrimp,Lemons,Oranges,Paneer or Tofu,Ground Beef or Lamb
Full-Cream Milk,Ginger,Cucumber,Oranges,Sponges/Scrubbers,Onions
Bananas,Chicken Breast,Cooking Oil (Olive or Sunflower),Dishwashing Liquid,Lemons,Fresh Fish Fillets,Carrots,Grapes,Bell Peppers
Sponges/Scrubbers,Lemons,Butter
Potatoes,Eggs,Oranges
Laundry Detergent,Grapes,Carrots,Tomatoes,Cucumber
Bananas,Garlic,Grapes,Sponges/Scrubbers,All-Purpose Surface Cleaner,Prawns or Shrimp,Lemons,Cucumber,Oranges
All-Purpose Surface Cleaner,Potatoes,Full-Cream Milk,Onions,Fresh Fish Fillets,Paneer or Tofu,Tomatoes
Ginger,Eggs,Potatoes,Prawns or Shrimp,Cooking Oil (Olive or Sunflower),Tomatoes,Onions,Sponges/Scrubbers
All-Purpose Surface Cleaner,Onions,Cheese (Cheddar or Mozzarella),Bell Peppers,Ginger,Sponges/Scrubbers
Chicken Breast,Spinach,Butter,Garlic,Grapes,Ground Beef or Lamb,Cucumber,Apples,Carrots,Cheese (Cheddar or Mozzarella)
Prawns or Shrimp,All-Purpose Surface Cleaner,Carrots,Broccoli
Butter,Onions,Sponges/Scrubbers,Broccoli
Lemons,Ground Beef or Lamb,Garlic,Potatoes,Butter,Cooking Oil (Olive or Sunflower),Eggs,Ginger,Spinach
Laundry Detergent,Chicken Breast,Cheese (Cheddar or Mozzarella),Dishwashing Liquid,Spinach,Butter,Tomatoes
Paneer or Tofu,Oranges,Chicken Breast,Apples,Potatoes,Greek Yogurt,Eggs,Bananas
Laundry Detergent,Oranges,All-Purpose Surface Cleaner
Spinach,Oranges,Apples,Eggs,Grapes,Ground Beef or Lamb,Bell Peppers,Cooking Oil (Olive or Sunflower),Carrots,Greek Yogurt
Cheese (Cheddar or Mozzarella),Dishwashing Liquid,Paneer or Tofu,Prawns or Shrimp,Full-Cream Milk,Grapes,Oranges
Bananas,Laundry Detergent,Ginger,All-Purpose Surface Cleaner,Potatoes,Cucumber,Grapes
Prawns or Shrimp,Grapes,Butter,Cheese (Cheddar or Mozzarella),Chicken Breast,Lemons
Onions,Full-Cream Milk,Laundry Detergent,Bananas,Carrots,Cooking Oil (Olive or Sunflower),Garlic,Apples
Bananas,Cucumber,Cheese (Cheddar or Mozzarella),Ground Beef or Lamb,Cooking Oil (Olive or Sunflower),Paneer or Tofu,Onions
Potatoes,Ginger,Fresh Fish Fillets,Oranges,Full-Cream Milk,Paneer or Tofu
Ground Beef or Lamb,Full-Cream Milk,Eggs,Sponges/Scrubbers,Cooking Oil (Olive or Sunflower),Grapes
Potatoes,Broccoli,Ginger
Ground Beef or Lamb,Ginger,Broccoli,Chicken Breast,Butter,Apples,Full-Cream Milk,Paneer or Tofu,Greek Yogurt
Oranges,Fresh Fish Fillets,Paneer or Tofu,Bananas,Apples,Ground Beef or Lamb,Grapes,Cucumber
Cucumber,Ginger,Spinach,Fresh Fish Fillets,Garlic,Bananas,Laundry Detergent
Garlic,Fresh Fish Fillets,Full-Cream Milk,Cucumber,Butter
Spinach,All-Purpose Surface Cleaner,Garlic,Broccoli,Ginger,Apples,Carrots
Onions,Ground Beef or Lamb,Paneer or Tofu,Bell Peppers,Cucumber,Tomatoes,Prawns or Shrimp
Ground Beef or Lamb,Bell Peppers,Eggs,Prawns or Shrimp,Full-Cream Milk,Spinach,Onions
Full-Cream Milk,Sponges/Scrubbers,Grapes,Bananas,Carrots,Tomatoes,Cucumber
Spinach,All-Purpose Surface Cleaner,Potatoes,Lemons,Full-Cream Milk,Laundry Detergent,Butter,Eggs,Chicken Breast,Tomatoes
Bell Peppers,Dishwashing Liquid,Butter,Broccoli,Potatoes
Spinach,Paneer or Tofu,Prawns or Shrimp,Oranges,Cheese (Cheddar or Mozzarella),Dishwashing Liquid
Prawns or Shrimp,Greek Yogurt,Lemons,Grapes,All-Purpose Surface Cleaner,Broccoli
Broccoli,Butter,Cheese (Cheddar or Mozzarella),Tomatoes,Laundry Detergent,Fresh Fish Fillets,Spinach,Garlic,Eggs
Cucumber,Chicken Breast,Potatoes,Carrots,Ginger,All-Purpose Surface Cleaner
Carrots,Onions,Oranges,Grapes
Broccoli,Tomatoes,Ginger,Sponges/Scrubbers,Ground Beef or Lamb,All-Purpose Surface Cleaner,Dishwashing Liquid,Grapes,Potatoes,Laundry Detergent
Dishwashing Liquid,Sponges/Scrubbers,Eggs,Butter,Chicken Breast,Garlic,Oranges
Paneer or Tofu,Ginger,Eggs,Bell Peppers
All-Purpose Surface Cleaner,Bell Peppers,Potatoes,Tomatoes,Carrots,Broccoli,Cheese (Cheddar or Mozzarella)
Grapes,Spinach,Sponges/Scrubbers,Ground Beef or Lamb,Broccoli,All-Purpose Surface Cleaner,Lemons
Greek Yogurt,Paneer or Tofu,Full-Cream Milk,Grapes,Potatoes,Cheese (Cheddar or Mozzarella),Tomatoes
Fresh Fish Fillets,Bananas,Cheese (Cheddar or Mozzarella),Cucumber,Onions,Potatoes,Ginger,Chicken Breast,Butter
Prawns or Shrimp,Chicken Breast,All-Purpose Surface Cleaner
Butter,Tomatoes,Prawns or Shrimp,Laundry Detergent,Carrots,Full-Cream Milk,Greek Yogurt
Sponges/Scrubbers,Cucumber,Carrots,Butter,Oranges,Eggs,Full-Cream Milk,Potatoes,Fresh Fish Fillets,Apples
Bananas,Sponges/Scrubbers,Chicken Breast,Spinach,Carrots,Cooking Oil (Olive or Sunflower),Oranges,Ground Beef or Lamb,Full-Cream Milk
Chicken Breast,Lemons,All-Purpose Surface Cleaner,Prawns or Shrimp,Paneer or Tofu,Tomatoes,Grapes
Bananas,Cucumber,Spinach,Prawns or Shrimp
Laundry Detergent,Greek Yogurt,All-Purpose Surface Cleaner,Onions,Chicken Breast,Paneer or Tofu,Grapes,Oranges,Tomatoes
Greek Yogurt,Apples,Cheese (Cheddar or Mozzarella),Prawns or Shrimp,Full-Cream Milk,Eggs
Prawns or Shrimp,Tomatoes,Garlic,Cucumber,Paneer or Tofu,Bell Peppers,Broccoli,Grapes,Full-Cream Milk,Spinach
Eggs,Cheese (Cheddar or Mozzarella),Dishwashing Liquid
Ground Beef or Lamb,Carrots,Broccoli,Paneer or Tofu,Onions,All-Purpose Surface Cleaner
Potatoes,Ginger,All-Purpose Surface Cleaner,Spinach,Grapes,Laundry Detergent,Eggs,Bell Peppers,Full-Cream Milk
Greek Yogurt,Ground Beef or Lamb,Cucumber,Oranges,Full-Cream Milk,Dishwashing Liquid,Ginger
Paneer or Tofu,Bell Peppers,Lemons,Garlic,Cheese (Cheddar or Mozzarella),Greek Yogurt,Fresh Fish Fillets,Cooking Oil (Olive or Sunflower),Potatoes,Cucumber
Bananas,Dishwashing Liquid,Greek Yogurt,Cucumber,Onions,Broccoli,Fresh Fish Fillets,Prawns or Shrimp,Butter
Laundry Detergent,Bell Peppers,Grapes,Paneer or Tofu,Full-Cream Milk,Apples,Bananas,All-Purpose Surface Cleaner,Ground Beef or Lamb,Lemons
Sponges/Scrubbers,Bananas,Laundry Detergent,Garlic,Ground Beef or Lamb,Ginger,Butter,Lemons,Prawns or Shrimp,Oranges
Bananas,Fresh Fish Fillets,Full-Cream Milk
Lemons,Chicken Breast,Dishwashing Liquid,All-Purpose Surface Cleaner,Eggs,Bell Peppers,Full-Cream Milk,Tomatoes,Prawns or Shrimp
Laundry Detergent,Spinach,Sponges/Scrubbers,Grapes,Cooking Oil (Olive or Sunflower),Greek Yogurt,All-Purpose Surface Cleaner,Onions
Oranges,Laundry Detergent,Eggs,Bell Peppers,Potatoes
Dishwashing Liquid,Cucumber,Bananas,Cheese (Cheddar or Mozzarella),Ground Beef or Lamb,Lemons,Eggs,Potatoes,Laundry Detergent,Paneer or Tofu
Bananas,Eggs,Ground Beef or Lamb,Prawns or Shrimp,Full-Cream Milk,Paneer or Tofu,Tomatoes,Cheese (Cheddar or Mozzarella),Potatoes
Eggs,Chicken Breast,Broccoli,Ginger,Fresh Fish Fillets,Potatoes
Spinach,Prawns or Shrimp,Eggs,Ground Beef or Lamb,Sponges/Scrubbers,Grapes,Carrots,All-Purpose Surface Cleaner,Broccoli
Tomatoes,Bananas,Dishwashing Liquid
Broccoli,Apples,Oranges
Ginger,Greek Yogurt,Oranges,Butter,Chicken Breast
Carrots,Potatoes,Cheese (Cheddar or Mozzarella),Laundry Detergent,Lemons
Full-Cream Milk,Butter,Bell Peppers,Ginger,Grapes,Eggs
Grapes,Cucumber,Chicken Breast,Onions,Dishwashing Liquid,Sponges/Scrubbers,Broccoli
Potatoes,Grapes,Apples,Butter,Broccoli
Ground Beef or Lamb,Cucumber,Grapes,Broccoli,Garlic,Lemons,Full-Cream Milk,Spinach,Ginger
Butter,Apples,Sponges/Scrubbers,Broccoli,Ground Beef or Lamb,All-Purpose Surface Cleaner,Onions,Chicken Breast,Lemons
Onions,Butter,Laundry Detergent,Chicken Breast,Prawns or Shrimp,Fresh Fish Fillets,Tomatoes
All-Purpose Surface Cleaner,Cooking Oil (Olive or Sunflower),Broccoli,Prawns or Shrimp,Dishwashing Liquid,Ginger,Cheese (Cheddar or Mozzarella),Apples,Sponges/Scrubbers,Eggs
Cheese (Cheddar or Mozzarella),Cucumber,Chicken Breast,Prawns or Shrimp,Fresh Fish Fillets,All-Purpose Surface Cleaner
Eggs,Spinach,Cooking Oil (Olive or Sunflower),Tomatoes,Broccoli
Tomatoes,Butter,Apples,Fresh Fish Fillets,Bell Peppers,Potatoes,Broccoli,Bananas,Oranges,Carrots
Bell Peppers,Dishwashing Liquid,Paneer or Tofu,Apples,Greek Yogurt,Cooking Oil (Olive or Sunflower)
All-Purpose Surface Cleaner,Carrots,Cucumber,Sponges/Scrubbers,Full-Cream Milk,Broccoli,Fresh Fish Fillets
Dishwashing Liquid,Spinach,Grapes,Potatoes,Bell Peppers,Prawns or Shrimp,Ginger,Chicken Breast
Laundry Detergent,Dishwashing Liquid,Paneer or Tofu,Apples,Potatoes,Lemons,Onions,Cucumber,Sponges/Scrubbers
Grapes,Apples,Chicken Breast,Fresh Fish Fillets
Butter,Lemons,All-Purpose Surface Cleaner,Eggs,Apples,Spinach,Chicken Breast
Full-Cream Milk,Onions,Cheese (Cheddar or Mozzarella),Paneer or Tofu,Bananas,Laundry Detergent
Eggs,Potatoes,Sponges/Scrubbers,All-Purpose Surface Cleaner,Grapes,Ground Beef or Lamb
Eggs,Oranges,Spinach,Bell Peppers,Tomatoes,Dishwashing Liquid,Broccoli
Spinach,Sponges/Scrubbers,Ginger,Paneer or Tofu,Bell Peppers,Lemons,Grapes,Apples,Chicken Breast,All-Purpose Surface Cleaner
Butter,Fresh Fish Fillets,Cooking Oil (Olive or Sunflower),Bell Peppers,Oranges,Eggs,Spinach,Full-Cream Milk,Cheese (Cheddar or Mozzarella)
Cucumber,Tomatoes,Ground Beef or Lamb,Apples,Garlic,Grapes,Prawns or Shrimp,Ginger,All-Purpose Surface Cleaner
Chicken Breast,Apples,Paneer or Tofu,Cooking Oil (Olive or Sunflower)
Tomatoes,Lemons,Cucumber,Garlic,Spinach,Grapes,Potatoes,Chicken Breast
Eggs,Sponges/Scrubbers,Cheese (Cheddar or Mozzarella),Onions,Tomatoes,Bananas
Bell Peppers,Dishwashing Liquid,Butter,Garlic,Potatoes,Prawns or Shrimp
Butter,Garlic,All-Purpose Surface Cleaner,Ginger,Bananas,Prawns or Shrimp
Dishwashing Liquid,Cooking Oil (Olive or Sunflower),Cheese (Cheddar or Mozzarella),Onions,Cucumber
Bell Peppers,Paneer or Tofu,Cucumber,Dishwashing Liquid,Carrots
Chicken Breast,Laundry Detergent,Onions,Bell Peppers
Apples,Dishwashing Liquid,Ginger
Onions,Carrots,Cucumber,Tomatoes,Bell Peppers,Fresh Fish Fillets,Oranges,Greek Yogurt
Fresh Fish Fillets,Potatoes,Full-Cream Milk,Grapes
Greek Yogurt,Butter,Spinach,Grapes,Sponges/Scrubbers,Ginger,Cheese (Cheddar or Mozzarella),Tomatoes
Grapes,Eggs,Onions,Tomatoes,Full-Cream Milk,Lemons,Oranges
Full-Cream Milk,Ground Beef or Lamb,Sponges/Scrubbers,Grapes
Cooking Oil (Olive or Sunflower),Potatoes,Bananas,Cheese (Cheddar or Mozzarella)
Potatoes,Bell Peppers,Cucumber,Cheese (Cheddar or Mozzarella),Eggs
Lemons,Cheese (Cheddar or Mozzarella),Greek Yogurt,Broccoli,Grapes,Laundry Detergent,Cooking Oil (Olive or Sunflower),Oranges
Dishwashing Liquid,Ground Beef or Lamb,Spinach,Laundry Detergent
Oranges,Grapes,Ginger,Sponges/Scrubbers,Bananas,Cooking Oil (Olive or Sunflower)
Oranges,Fresh Fish Fillets,Spinach,Bananas,Sponges/Scrubbers,All-Purpose Surface Cleaner,Chicken Breast,Cucumber,Apples
Chicken Breast,Sponges/Scrubbers,Full-Cream Milk,Potatoes,All-Purpose Surface Cleaner
Potatoes,Oranges,Spinach,Fresh Fish Fillets
Dishwashing Liquid,Bell Peppers,Paneer or Tofu,Tomatoes,Butter,Laundry Detergent,Prawns or Shrimp,Bananas
Oranges,Apples,Laundry Detergent,Chicken Breast
Laundry Detergent,Fresh Fish Fillets,Tomatoes,Broccoli,Cheese (Cheddar or Mozzarella),All-Purpose Surface Cleaner,Apples,Spinach,Butter
Bell Peppers,Chicken Breast,Full-Cream Milk,Ginger,Spinach,Apples
Spinach,Prawns or Shrimp,Cucumber,Butter,Ginger,Oranges,Paneer or Tofu,Cheese (Cheddar or Mozzarella)
Cheese (Cheddar or Mozzarella),Sponges/Scrubbers,Chicken Breast
Onions,Carrots,Cucumber,Ground Beef or Lamb,Prawns or Shrimp,Broccoli,Bananas
Onions,Carrots,Laundry Detergent,Bell Peppers,Butter,Chicken Breast,Lemons,Potatoes
Fresh Fish Fillets,Eggs,Onions,Potatoes,Greek Yogurt
Lemons,Oranges,Grapes,Bananas,Carrots,Apples
Fresh Fish Fillets,Bananas,Prawns or Shrimp,Butter,Cheese (Cheddar or Mozzarella),Potatoes,Tomatoes
Carrots,Prawns or Shrimp,Cheese (Cheddar or Mozzarella),Tomatoes,Chicken Breast
Cucumber,Grapes,Chicken Breast,Oranges
Cheese (Cheddar or Mozzarella),Grapes,Oranges,Cucumber,Garlic,Prawns or Shrimp,Greek Yogurt,Spinach,Apples,Laundry Detergent
Broccoli,Chicken Breast,Butter,Full-Cream Milk
Tomatoes,Ginger,Lemons,Cheese (Cheddar or Mozzarella),Sponges/Scrubbers,Onions,Garlic
Garlic,Prawns or Shrimp,Bell Peppers,Cooking Oil (Olive or Sunflower),Cucumber,Broccoli,Bananas
Onions,Full-Cream Milk,Fresh Fish Fillets,Oranges
Bell Peppers,Lemons,Paneer or Tofu,Ground Beef or Lamb,Ginger
Potatoes,Lemons,Laundry Detergent,Fresh Fish Fillets,Tomatoes,Oranges,Onions,Grapes
Laundry Detergent,Bananas,Butter,Oranges
Ground Beef or Lamb,Eggs,Oranges,Broccoli,Spinach,Lemons,Onions,Bananas,Carrots
All-Purpose Surface Cleaner,Ground Beef or Lamb,Apples,Potatoes,Oranges,Spinach,Ginger,Dishwashing Liquid,Butter,Lemons
Lemons,Laundry Detergent,Broccoli,Fresh Fish Fillets
Ginger,Bananas,Prawns or Shrimp,Carrots,Potatoes,Greek Yogurt,Eggs,Spinach
Cooking Oil (Olive or Sunflower),Prawns or Shrimp,Apples,Laundry Detergent,Fresh Fish Fillets,Eggs
Ginger,Spinach,Bell Peppers,Cucumber,Garlic
Cheese (Cheddar or Mozzarella),Bell Peppers,Prawns or Shrimp,Eggs,Potatoes
Prawns or Shrimp,Eggs,Full-Cream Milk,Grapes,Butter
Chicken Breast,Cooking Oil (Olive or Sunflower),Butter,Eggs,All-Purpose Surface Cleaner,Cheese (Cheddar or Mozzarella),Bananas,Dishwashing Liquid,Fresh Fish Fillets,Bell Peppers
Potatoes,Full-Cream Milk,Grapes,Eggs,Broccoli,Cucumber,Butter,Tomatoes,Apples,Greek Yogurt
Broccoli,Grapes,Tomatoes,Apples
Potatoes,Eggs,Laundry Detergent,Sponges/Scrubbers,Cheese (Cheddar or Mozzarella),Dishwashing Liquid,Greek Yogurt
Grapes,Butter,Paneer or Tofu,Dishwashing Liquid,Fresh Fish Fillets,Tomatoes,Sponges/Scrubbers,Cooking Oil (Olive or Sunflower),Eggs
Bananas,Cheese (Cheddar or Mozzarella),Full-Cream Milk,Greek Yogurt,Bell Peppers,Tomatoes
Spinach,Dishwashing Liquid,All-Purpose Surface Cleaner,Bananas,Ground Beef or Lamb,Potatoes,Greek Yogurt,Eggs,Carrots,Tomatoes
Ground Beef or Lamb,Grapes,Cooking Oil (Olive or Sunflower),Greek Yogurt,All-Purpose Surface Cleaner,Cheese (Cheddar or Mozzarella)
Apples,Sponges/Scrubbers,Broccoli,Lemons,Oranges
Chicken Breast,Cheese (Cheddar or Mozzarella),Tomatoes,Dishwashing Liquid,Eggs,All-Purpose Surface Cleaner,Bananas,Potatoes
Spinach,Paneer or Tofu,Chicken Breast,Lemons,Broccoli,Cucumber,Fresh Fish Fillets,Laundry Detergent
Bananas,Potatoes,Butter,Chicken Breast,Bell Peppers
Broccoli,Eggs,Ground Beef or Lamb,Chicken Breast,Lemons,Bell Peppers,Cheese (Cheddar or Mozzarella),Laundry Detergent
Broccoli,Paneer or Tofu,Lemons,Eggs
All-Purpose Surface Cleaner,Bell Peppers,Chicken Breast,Ground Beef or Lamb,Fresh Fish Fillets,Laundry Detergent,Greek Yogurt,Potatoes
Greek Yogurt,Apples,Onions,Cooking Oil (Olive or Sunflower),Broccoli,Carrots,Garlic,Bananas,Full-Cream Milk
Ginger,Bell Peppers,Cooking Oil (Olive or Sunflower),Potatoes,Broccoli,Spinach
Chicken Breast,Bananas,Cooking Oil (Olive or Sunflower)
Cheese (Cheddar or Mozzarella),Lemons,Bell Peppers,Carrots,All-Purpose Surface Cleaner
Fresh Fish Fillets,Grapes,Tomatoes,Oranges,Apples
Grapes,Cheese (Cheddar or Mozzarella),Broccoli,Prawns or Shrimp,Fresh Fish Fillets,Sponges/Scrubbers
Paneer or Tofu,Ginger,Broccoli,Dishwashing Liquid,All-Purpose Surface Cleaner,Full-Cream Milk
Apples,Chicken Breast,Butter,Grapes,All-Purpose Surface Cleaner,Prawns or Shrimp
Prawns or Shrimp,Lemons,Greek Yogurt,Laundry Detergent,Oranges,Carrots,Garlic
Laundry Detergent,Cucumber,Tomatoes,Eggs,Full-Cream Milk
Paneer or Tofu,Spinach,Ground Beef or Lamb,Greek Yogurt,Cooking Oil (Olive or Sunflower),Broccoli,Potatoes,Carrots
Grapes,Cooking Oil (Olive or Sunflower),Greek Yogurt,Bell Peppers,Oranges,Potatoes,Ginger
Cooking Oil (Olive or Sunflower),Apples,Onions,Oranges,Tomatoes,Lemons,Greek Yogurt,Sponges/Scrubbers,Ginger,Prawns or Shrimp
Apples,Ginger,Onions,Bananas
All-Purpose Surface Cleaner,Ground Beef or Lamb,Eggs,Bananas
Bell Peppers,Tomatoes,Broccoli,Sponges/Scrubbers,All-Purpose Surface Cleaner
Ground Beef or Lamb,All-Purpose Surface Cleaner,Bell Peppers,Prawns or Shrimp,Sponges/Scrubbers,Full-Cream Milk,Grapes,Cheese (Cheddar or Mozzarella),Onions,Potatoes
Cucumber,Garlic,All-Purpose Surface Cleaner
Paneer or Tofu,Fresh Fish Fillets,Cheese (Cheddar or Mozzarella),Greek Yogurt,Oranges
Prawns or Shrimp,Broccoli,Ginger,Spinach
Ginger,Oranges,Eggs
Potatoes,Spinach,All-Purpose Surface Cleaner,Full-Cream Milk,Cheese (Cheddar or Mozzarella),Paneer or Tofu,Onions,Eggs,Greek Yogurt,Butter
Ground Beef or Lamb,Bell Peppers,Broccoli,Oranges,Onions,Cheese (Cheddar or Mozzarella)
Ginger,Butter,Oranges,Carrots,Chicken Breast,Dishwashing Liquid,Potatoes,Greek Yogurt
Potatoes,Greek Yogurt,Paneer or Tofu,Cooking Oil (Olive or Sunflower),Dishwashing Liquid,All-Purpose Surface Cleaner,Laundry Detergent,Onions
Laundry Detergent,Full-Cream Milk,Tomatoes,Eggs,Lemons,Apples,Cucumber,Onions,Prawns or Shrimp
Apples,Ginger,Fresh Fish Fillets,Chicken Breast
Prawns or Shrimp,Butter,Fresh Fish Fillets,Bananas
Tomatoes,Apples,Paneer or Tofu,Bananas,All-Purpose Surface Cleaner
All-Purpose Surface Cleaner,Prawns or Shrimp,Chicken Breast,Grapes,Ground Beef or Lamb
Eggs,Carrots,Dishwashing Liquid,Bell Peppers,Potatoes,Ground Beef or Lamb,Grapes,Tomatoes,Broccoli,Garlic
Dishwashing Liquid,Garlic,Cooking Oil (Olive or Sunflower)
Bananas,Sponges/Scrubbers,Broccoli
All-Purpose Surface Cleaner,Paneer or Tofu,Full-Cream Milk,Cucumber,Tomatoes,Prawns or Shrimp,Eggs,Garlic,Broccoli
Laundry Detergent,Prawns or Shrimp,Tomatoes,Eggs,Bananas,Cucumber,Spinach,Apples
Cooking Oil (Olive or Sunflower),Lemons,Fresh Fish Fillets,Grapes,Sponges/Scrubbers,Bananas,Carrots,Full-Cream Milk,Ground Beef or Lamb
Sponges/Scrubbers,Dishwashing Liquid,Greek Yogurt,Cucumber,Cooking Oil (Olive or Sunflower),Potatoes,Fresh Fish Fillets,Oranges
Oranges,Cheese (Cheddar or Mozzarella),All-Purpose Surface Cleaner,Carrots
Bananas,Spinach,Potatoes,Sponges/Scrubbers,Chicken Breast,Broccoli,Prawns or Shrimp
Cheese (Cheddar or Mozzarella),Ground Beef or Lamb,Oranges,Carrots,Cooking Oil (Olive or Sunflower),Grapes,Apples,Prawns or Shrimp,Tomatoes,Fresh Fish Fillets
Cucumber,Eggs,Dishwashing Liquid,Tomatoes,Potatoes,Chicken Breast,Cooking Oil (Olive or Sunflower),Lemons,Apples
Onions,Bell Peppers,Laundry Detergent,Cheese (Cheddar or Mozzarella),Chicken Breast
Tomatoes,Bell Peppers,Potatoes,Ginger,Prawns or Shrimp,Eggs,Apples,Fresh Fish Fillets,Lemons,Butter
Cheese (Cheddar or Mozzarella),Bell Peppers,Chicken Breast
Apples,Sponges/Scrubbers,Grapes,Prawns or Shrimp,Potatoes,Butter,Bell Peppers,Greek Yogurt,Cooking Oil (Olive or Sunflower),Lemons
Eggs,Cucumber,Ginger,Spinach,Onions,Fresh Fish Fillets,Carrots,Full-Cream Milk
Sponges/Scrubbers,Paneer or Tofu,Spinach,Cucumber,Prawns or Shrimp,All-Purpose Surface Cleaner,Ground Beef or Lamb,Grapes,Garlic
Ground Beef or Lamb,Full-Cream Milk,Garlic,Spinach,Bell Peppers,Potatoes,Grapes
Cooking Oil (Olive or Sunflower),Ground Beef or Lamb,Grapes,Potatoes,Dishwashing Liquid
Chicken Breast,Apples,Ground Beef or Lamb,Potatoes,Paneer or Tofu,Dishwashing Liquid,Broccoli,Fresh Fish Fillets
Ground Beef or Lamb,Sponges/Scrubbers,Eggs,Carrots,Dishwashing Liquid
Greek Yogurt,Ginger,Spinach,Garlic,Dishwashing Liquid,Bell Peppers,Cooking Oil (Olive or Sunflower),Full-Cream Milk
Apples,Paneer or Tofu,Butter
Grapes,Dishwashing Liquid,Paneer or Tofu,Bell Peppers,Cheese (Cheddar or Mozzarella),Potatoes,Prawns or Shrimp,Broccoli
Ground Beef or Lamb,Fresh Fish Fillets,Full-Cream Milk,Greek Yogurt,Oranges,Prawns or Shrimp,Dishwashing Liquid,Butter,Potatoes
Bananas,Eggs,Potatoes,Grapes,Chicken Breast
Bell Peppers,Cooking Oil (Olive or Sunflower),All-Purpose Surface Cleaner,Prawns or Shrimp,Paneer or Tofu,Eggs,Butter,Carrots
Oranges,Greek Yogurt,Sponges/Scrubbers,Laundry Detergent,Tomatoes
Greek Yogurt,Bell Peppers,Broccoli,Carrots
Bananas,Sponges/Scrubbers,Ground Beef or Lamb,Ginger,Apples
Laundry Detergent,Potatoes,Cucumber,Garlic,Eggs,Paneer or Tofu,Sponges/Scrubbers
Eggs,Broccoli,Cheese (Cheddar or Mozzarella),Paneer or Tofu,Potatoes
Butter,Bell Peppers,Carrots,Chicken Breast,Cheese (Cheddar or Mozzarella)
All-Purpose Surface Cleaner,Butter,Tomatoes,Sponges/Scrubbers,Onions,Potatoes,Laundry Detergent,Eggs
Eggs,Garlic,Prawns or Shrimp,Butter,Oranges,Cheese (Cheddar or Mozzarella),Sponges/Scrubbers
Full-Cream Milk,Cooking Oil (Olive or Sunflower),Eggs
Eggs,Broccoli,Full-Cream Milk,Ginger,Dishwashing Liquid,Chicken Breast,Lemons
Grapes,Potatoes,Ground Beef or Lamb,Tomatoes,Carrots,Sponges/Scrubbers,Oranges
Grapes,Garlic,Bananas,Cheese (Cheddar or Mozzarella),Bell Peppers,Laundry Detergent,Ground Beef or Lamb,Prawns or Shrimp,Apples,Lemons
Prawns or Shrimp,Apples,Greek Yogurt,Paneer or Tofu,Spinach
Ginger,Grapes,Spinach,Cucumber,Cooking Oil (Olive or Sunflower),Sponges/Scrubbers,Bell Peppers,Laundry Detergent
Broccoli,Lemons,Laundry Detergent
Ginger,Laundry Detergent,Carrots,All-Purpose Surface Cleaner,Bananas,Butter,Fresh Fish Fillets,Dishwashing Liquid,Garlic
Full-Cream Milk,Greek Yogurt,Grapes,Cooking Oil (Olive or Sunflower),Broccoli
Onions,Potatoes,Lemons,Greek Yogurt,Grapes,Ginger,Garlic,Butter,Apples,Tomatoes
Broccoli,Full-Cream Milk,Cheese (Cheddar or Mozzarella)
Broccoli,Paneer or Tofu,Onions,Spinach,Oranges,Bell Peppers,Cucumber,Apples,Lemons,Ground Beef or Lamb
Lemons,Tomatoes,Butter
Apples,Paneer or Tofu,Broccoli,Potatoes,Lemons,Greek Yogurt
Prawns or Shrimp,Paneer or Tofu,Cucumber,All-Purpose Surface Cleaner,Cheese (Cheddar or Mozzarella),Chicken Breast,Dishwashing Liquid,Spinach,Bell Peppers,Ground Beef or Lamb
Apples,Dishwashing Liquid,Bananas,Paneer or Tofu,Sponges/Scrubbers,Prawns or Shrimp,Bell Peppers,Garlic,Cheese (Cheddar or Mozzarella)
Greek Yogurt,Tomatoes,Cooking Oil (Olive or Sunflower),Laundry Detergent,Bell Peppers,Ground Beef or Lamb,Bananas,Full-Cream Milk,Sponges/Scrubbers
Bell Peppers,Cheese (Cheddar or Mozzarella),Greek Yogurt,Sponges/Scrubbers,Bananas,Cooking Oil (Olive or Sunflower),Dishwashing Liquid,Carrots,Lemons,Prawns or Shrimp
Butter,Bananas,Greek Yogurt,All-Purpose Surface Cleaner,Laundry Detergent,Paneer or Tofu,Full-Cream Milk
Full-Cream Milk,All-Purpose Surface Cleaner,Onions,Apples,Bananas,Chicken Breast,Spinach
Butter,Broccoli,Dishwashing Liquid,Fresh Fish Fillets,Ground Beef or Lamb,Eggs,Onions,Cheese (Cheddar or Mozzarella),Full-Cream Milk
Eggs,Dishwashing Liquid,Prawns or Shrimp,Butter,All-Purpose Surface Cleaner,Ginger,Fresh Fish Fillets
Butter,Full-Cream Milk,Carrots
Bell Peppers,All-Purpose Surface Cleaner,Chicken Breast,Ginger,Tomatoes,Butter,Ground Beef or Lamb,Spinach,Garlic
Grapes,Bananas,Oranges
Oranges,Ground Beef or Lamb,Garlic,Greek Yogurt,Prawns or Shrimp
Laundry Detergent,Sponges/Scrubbers,Fresh Fish Fillets,Cooking Oil (Olive or Sunflower),Tomatoes,Ground Beef or Lamb,Bell Peppers,Greek Yogurt,Garlic,Paneer or Tofu
Chicken Breast,Full-Cream Milk,Greek Yogurt,Lemons,Bananas,Carrots,Grapes,Paneer or Tofu
Paneer or Tofu,Apples,Chicken Breast,Prawns or Shrimp,Fresh Fish Fillets,Laundry Detergent,Eggs,Ground Beef or Lamb
Cheese (Cheddar or Mozzarella),Full-Cream Milk,Garlic,Ginger,Cucumber,Paneer or Tofu,Broccoli
Broccoli,Prawns or Shrimp,Sponges/Scrubbers,Ground Beef or Lamb,Garlic,All-Purpose Surface Cleaner
Bananas,Full-Cream Milk,Apples,Paneer or Tofu,Dishwashing Liquid,Fresh Fish Fillets,Cucumber,Broccoli,Spinach,Butter
Cooking Oil (Olive or Sunflower),Lemons,All-Purpose Surface Cleaner,Apples,Prawns or Shrimp,Bell Peppers,Broccoli,Tomatoes,Fresh Fish Fillets
Apples,Sponges/Scrubbers,Grapes,Eggs
Fresh Fish Fillets,Full-Cream Milk,Garlic,Laundry Detergent,Paneer or Tofu,Cucumber,Dishwashing Liquid
Bell Peppers,Spinach,Cheese (Cheddar or Mozzarella),Fresh Fish Fillets,Butter,Ginger,Prawns or Shrimp
Chicken Breast,Cooking Oil (Olive or Sunflower),Greek Yogurt
Eggs,Ginger,Tomatoes,Spinach,Oranges,Bananas
Spinach,Chicken Breast,Prawns or Shrimp,Bell Peppers,Onions,Paneer or Tofu,Carrots,Oranges,Eggs,Full-Cream Milk
Eggs,Garlic,Prawns or Shrimp,Broccoli,Bananas,All-Purpose Surface Cleaner,Sponges/Scrubbers,Tomatoes,Potatoes,Fresh Fish Fillets
Paneer or Tofu,Fresh Fish Fillets,Cooking Oil (Olive or Sunflower),Tomatoes,Carrots,Oranges
Sponges/Scrubbers,Tomatoes,All-Purpose Surface Cleaner,Lemons,Dishwashing Liquid
Carrots,Fresh Fish Fillets,Laundry Detergent,Broccoli,Tomatoes,Onions,All-Purpose Surface Cleaner,Butter,Cheese (Cheddar or Mozzarella),Spinach
Broccoli,Grapes,Eggs,Paneer or Tofu,Greek Yogurt,Full-Cream Milk,Bell Peppers,Dishwashing Liquid
Cucumber,Garlic,Dishwashing Liquid,Spinach,Bananas,Carrots,Fresh Fish Fillets,Grapes,Eggs,Sponges/Scrubbers
Onions,Fresh Fish Fillets,Bananas,Dishwashing Liquid,Broccoli
Carrots,Cheese (Cheddar or Mozzarella),Laundry Detergent,Eggs,Lemons,Oranges
Potatoes,Lemons,Chicken Breast,Spinach,Carrots,Bell Peppers,Full-Cream Milk,Bananas
Onions,Cucumber,Lemons,Ginger,Grapes,Prawns or Shrimp
Bananas,Broccoli,Butter,Fresh Fish Fillets,Laundry Detergent,Onions,Cucumber
Ground Beef or Lamb,Ginger,Tomatoes,Chicken Breast,Spinach,Grapes,Broccoli,Carrots
Chicken Breast,Greek Yogurt,Ground Beef or Lamb,Prawns or Shrimp,Broccoli,Laundry Detergent,Spinach,Eggs,Dishwashing Liquid
Cheese (Cheddar or Mozzarella),Ginger,Cooking Oil (Olive or Sunflower),Bell Peppers,Full-Cream Milk,All-Purpose Surface Cleaner,Grapes,Sponges/Scrubbers
Oranges,Ground Beef or Lamb,Paneer or Tofu,Full-Cream Milk,Prawns or Shrimp,Laundry Detergent,Chicken Breast,Garlic
Chicken Breast,Prawns or Shrimp,Cheese (Cheddar or Mozzarella),Dishwashing Liquid,Potatoes,Greek Yogurt
Greek Yogurt,Ground Beef or Lamb,Apples,Potatoes,Butter,Spinach,Tomatoes,Paneer or Tofu,Sponges/Scrubbers,Garlic
Carrots,Bananas,Laundry Detergent,Greek Yogurt,Grapes
Chicken Breast,Garlic,Ground Beef or Lamb,Butter
Potatoes,Cooking Oil (Olive or Sunflower),Greek Yogurt,Grapes,Dishwashing Liquid,Tomatoes,All-Purpose Surface Cleaner,Bell Peppers,Laundry Detergent,Oranges
Butter,Tomatoes,Paneer or Tofu,Grapes,Chicken Breast,Broccoli,Fresh Fish Fillets,Onions,Lemons,Cucumber
Fresh Fish Fillets,Garlic,Butter
Tomatoes,Oranges,Apples,Ground Beef or Lamb
Paneer or Tofu,Tomatoes,Sponges/Scrubbers,Cooking Oil (Olive or Sunflower)
Sponges/Scrubbers,Full-Cream Milk,Tomatoes,Broccoli
Carrots,Prawns or Shrimp,Bell Peppers,Cooking Oil (Olive or Sunflower),Eggs,Fresh Fish Fillets,Dishwashing Liquid,Oranges,Apples
Grapes,Laundry Detergent,Lemons,Cooking Oil (Olive or Sunflower),Potatoes,Chicken Breast,Prawns or Shrimp,Paneer or Tofu,Bell Peppers
Spinach,Carrots,Paneer or Tofu,Lemons,Greek Yogurt,Bell Peppers,Fresh Fish Fillets,Ginger
Prawns or Shrimp,Onions,Broccoli
Chicken Breast,Fresh Fish Fillets,Paneer or Tofu,Oranges,Laundry Detergent,Lemons,Ginger,Cooking Oil (Olive or Sunflower),Grapes,Apples
Cucumber,Garlic,Sponges/Scrubbers,Cooking Oil (Olive or Sunflower),Fresh Fish Fillets
Tomatoes,Dishwashing Liquid,Chicken Breast,Oranges
Ginger,Garlic,Potatoes
Cheese (Cheddar or Mozzarella),Tomatoes,Grapes,Chicken Breast
Ginger,Fresh Fish Fillets,Tomatoes
Grapes,Ginger,Paneer or Tofu,Garlic,Prawns or Shrimp,Dishwashing Liquid,Tomatoes,Bell Peppers,Greek Yogurt
Ginger,All-Purpose Surface Cleaner,Fresh Fish Fillets,Butter,Bananas,Cooking Oil (Olive or Sunflower),Cheese (Cheddar or Mozzarella)
Ginger,Broccoli,Bell Peppers,Chicken Breast,Greek Yogurt,Sponges/Scrubbers,Oranges,Cooking Oil (Olive or Sunflower)
Tomatoes,Paneer or Tofu,Butter,Fresh Fish Fillets,Carrots,Eggs,Chicken Breast
Paneer or Tofu,Full-Cream Milk,Tomatoes,Apples,Eggs,Chicken Breast,Lemons,Greek Yogurt,Bananas
Oranges,Bell Peppers,Broccoli,Lemons,Carrots,Prawns or Shrimp,Paneer or Tofu,Full-Cream Milk,Ginger
Broccoli,Laundry Detergent,Ground Beef or Lamb,Bell Peppers,Dishwashing Liquid,Grapes
Paneer or Tofu,Oranges,Greek Yogurt
Lemons,Ginger,Cucumber,Garlic,Bananas
Sponges/Scrubbers,Grapes,Laundry Detergent,Apples
Paneer or Tofu,Fresh Fish Fillets,All-Purpose Surface Cleaner,Garlic
Cucumber,Lemons,Chicken Breast
Laundry Detergent,Potatoes,Garlic
Full-Cream Milk,Garlic,Laundry Detergent,Bananas,Broccoli,Onions
Sponges/Scrubbers,Garlic,Fresh Fish Fillets,Spinach,Laundry Detergent,Prawns or Shrimp
Sponges/Scrubbers,Ginger,Ground Beef or Lamb,Cheese (Cheddar or Mozzarella),Laundry Detergent,Garlic,Lemons,Cooking Oil (Olive or Sunflower),Paneer or Tofu,Bananas
Lemons,Grapes,Paneer or Tofu,Eggs,Apples,Broccoli,Cucumber
Greek Yogurt,Cooking Oil (Olive or Sunflower),Full-Cream Milk,Grapes,Spinach,Fresh Fish Fillets,Laundry Detergent,Bananas
Apples,Bananas,Oranges,Tomatoes,Butter,Ginger
Onions,Cucumber,Paneer or Tofu,Sponges/Scrubbers,Butter
Broccoli,Bell Peppers,Garlic,Bananas,Ginger,Lemons,Butter,Dishwashing Liquid,Full-Cream Milk
Cucumber,Prawns or Shrimp,All-Purpose Surface Cleaner,Full-Cream Milk,Fresh Fish Fillets,Eggs,Dishwashing Liquid,Laundry Detergent
Carrots,Fresh Fish Fillets,Dishwashing Liquid,Apples,Sponges/Scrubbers,Bell Peppers,Cooking Oil (Olive or Sunflower),Paneer or Tofu,Full-Cream Milk,Laundry Detergent
Greek Yogurt,Tomatoes,All-Purpose Surface Cleaner
All-Purpose Surface Cleaner,Chicken Breast,Tomatoes,Prawns or Shrimp
Oranges,Bell Peppers,All-Purpose Surface Cleaner
Potatoes,Ground Beef or Lamb,Bell Peppers,Onions,Garlic,Greek Yogurt
Apples,Tomatoes,Cheese (Cheddar or Mozzarella),Eggs,Chicken Breast,Laundry Detergent,Full-Cream Milk,Dishwashing Liquid,Fresh Fish Fillets,Onions
Paneer or Tofu,Oranges,Onions
Greek Yogurt,Fresh Fish Fillets,Cucumber
Onions,Greek Yogurt,All-Purpose Surface Cleaner,Ground Beef or Lamb,Chicken Breast,Oranges,Carrots
Sponges/Scrubbers,Spinach,Greek Yogurt,Bell Peppers
Garlic,Cheese (Cheddar or Mozzarella),Greek Yogurt,Cucumber,Apples,All-Purpose Surface Cleaner
Potatoes,Apples,Lemons,Grapes,Butter,Ginger,Ground Beef or Lamb,Prawns or Shrimp,Broccoli
Eggs,Laundry Detergent,Prawns or Shrimp,Tomatoes
Lemons,Paneer or Tofu,Full-Cream Milk,Tomatoes
Ground Beef or Lamb,Carrots,Potatoes
Laundry Detergent,Oranges,Eggs,Dishwashing Liquid,Bananas,Butter,Spinach,Greek Yogurt,Tomatoes,Ginger
Cooking Oil (Olive or Sunflower),Laundry Detergent,Ground Beef or Lamb,Butter,Full-Cream Milk,Cucumber
Sponges/Scrubbers,Potatoes,Chicken Breast
Cooking Oil (Olive or Sunflower),Paneer or Tofu,Butter,Chicken Breast,Tomatoes,Carrots,Bananas
Garlic,Butter,Bell Peppers
Sponges/Scrubbers,Potatoes,Broccoli,Carrots,Butter,Ginger,Dishwashing Liquid,Lemons,Chicken Breast
Lemons,Prawns or Shrimp,Fresh Fish Fillets,Bell Peppers,Dishwashing Liquid,Ground Beef or Lamb,Laundry Detergent,Potatoes
Tomatoes,Spinach,Oranges,Ginger,Potatoes,Bananas,Cheese (Cheddar or Mozzarella),Fresh Fish Fillets
Prawns or Shrimp,Bananas,Onions,Eggs,Cucumber,Grapes,Full-Cream Milk,Ginger,Apples
Oranges,Carrots,Chicken Breast,Butter,Laundry Detergent,Lemons,Potatoes,Cheese (Cheddar or Mozzarella),Broccoli
Ground Beef or Lamb,Potatoes,Cooking Oil (Olive or Sunflower),Cucumber,Bell Peppers,Lemons
Fresh Fish Fillets,Lemons,Bananas,Apples,Spinach
Onions,Broccoli,Grapes,Apples
Spinach,Bell Peppers,Potatoes,Carrots,Oranges,Grapes,Paneer or Tofu
Spinach,Onions,Potatoes,Apples,Paneer or Tofu,Laundry Detergent,Cheese (Cheddar or Mozzarella),Fresh Fish Fillets,Bananas
Onions,Broccoli,Oranges,Lemons,Prawns or Shrimp,Potatoes,Fresh Fish Fillets,Paneer or Tofu,Ginger
Chicken Breast,Lemons,Carrots,Bell Peppers,Cucumber
Cucumber,Full-Cream Milk,Bell Peppers,Potatoes,Carrots,Oranges,Sponges/Scrubbers
Broccoli,Full-Cream Milk,Dishwashing Liquid,Potatoes,Apples,Cucumber,Ginger,Eggs,Cooking Oil (Olive or Sunflower)
Grapes,Spinach,Bell Peppers,Broccoli,Onions,Lemons
All-Purpose Surface Cleaner,Cheese (Cheddar or Mozzarella),Lemons,Dishwashing Liquid,Bananas,Grapes,Sponges/Scrubbers,Oranges
Broccoli,Bananas,Cheese (Cheddar or Mozzarella),Ground Beef or Lamb,Garlic
Bananas,Carrots,Lemons,Sponges/Scrubbers,Broccoli,Fresh Fish Fillets,Ground Beef or Lamb,Eggs,Full-Cream Milk,Butter
Bananas,Lemons,Cucumber,All-Purpose Surface Cleaner,Dishwashing Liquid,Cooking Oil (Olive or Sunflower)
Spinach,Butter,Garlic,Cooking Oil (Olive or Sunflower),Paneer or Tofu,Carrots,Chicken Breast,Dishwashing Liquid
Fresh Fish Fillets,Grapes,Ground Beef or Lamb
Grapes,Dishwashing Liquid,Broccoli,All-Purpose Surface Cleaner,Ground Beef or Lamb,Potatoes
Chicken Breast,Full-Cream Milk,Bell Peppers,Eggs,Broccoli,Ginger,Cucumber,Sponges/Scrubbers,Laundry Detergent
Dishwashing Liquid,Lemons,Potatoes,Grapes,Cheese (Cheddar or Mozzarella),Full-Cream Milk,Butter,Cooking Oil (Olive or Sunflower),Paneer or Tofu
Paneer or Tofu,Tomatoes,Dishwashing Liquid,Apples,Ground Beef or Lamb,Sponges/Scrubbers,Cheese (Cheddar or Mozzarella),Eggs,Potatoes
Prawns or Shrimp,Ginger,Chicken Breast,Apples
Eggs,Cheese (Cheddar or Mozzarella),Tomatoes,Butter,Chicken Breast
Prawns or Shrimp,Bananas,Dishwashing Liquid,Oranges,Spinach,Onions,Laundry Detergent,Cucumber,Ginger
Grapes,Apples,Lemons,Sponges/Scrubbers,Prawns or Shrimp,Chicken Breast
Apples,Onions,Full-Cream Milk,Spinach,Broccoli
Sponges/Scrubbers,Potatoes,Spinach,All-Purpose Surface Cleaner,Fresh Fish Fillets,Bell Peppers,Apples,Broccoli,Bananas
Dishwashing Liquid,Garlic,Greek Yogurt,Full-Cream Milk,Apples,All-Purpose Surface Cleaner,Spinach,Grapes,Ground Beef or Lamb,Bananas
Broccoli,Tomatoes,Dishwashing Liquid,Ground Beef or Lamb
Onions,Laundry Detergent,Bananas,Eggs
Chicken Breast,Dishwashing Liquid,Carrots,Sponges/Scrubbers
Greek Yogurt,Carrots,Paneer or Tofu,Cooking Oil (Olive or Sunflower),Bananas,Laundry Detergent
Grapes,Ginger,Dishwashing Liquid,Lemons,Eggs,Carrots,Prawns or Shrimp,Laundry Detergent,Chicken Breast
Lemons,Onions,Fresh Fish Fillets,Cheese (Cheddar or Mozzarella),Garlic,Grapes,Butter,Oranges,Sponges/Scrubbers
Ground Beef or Lamb,Garlic,Cucumber
Butter,Spinach,Dishwashing Liquid,Laundry Detergent
Apples,Bananas,Garlic,Grapes,Spinach
Chicken Breast,Laundry Detergent,Full-Cream Milk,Greek Yogurt,Eggs,Bananas,Cheese (Cheddar or Mozzarella)
Cheese (Cheddar or Mozzarella),Lemons,Butter,Spinach,Apples,Dishwashing Liquid,Grapes,Sponges/Scrubbers,Carrots
Sponges/Scrubbers,Cheese (Cheddar or Mozzarella),Butter,Potatoes,Chicken Breast,Bell Peppers,Bananas
Ginger,Broccoli,Spinach,Carrots
Ground Beef or Lamb,Bell Peppers,Greek Yogurt,Lemons,Oranges,Cheese (Cheddar or Mozzarella),Cooking Oil (Olive or Sunflower),Butter
Oranges,Carrots,Full-Cream Milk,Eggs,Paneer or Tofu,Ground Beef or Lamb,All-Purpose Surface Cleaner,Cooking Oil (Olive or Sunflower),Dishwashing Liquid
Full-Cream Milk,Broccoli,Bell Peppers,Carrots,Bananas
Cheese (Cheddar or Mozzarella),Tomatoes,Laundry Detergent,Apples,Onions,Full-Cream Milk,Bell Peppers,Garlic,Lemons,Paneer or Tofu
Oranges,Chicken Breast,Full-Cream Milk,Sponges/Scrubbers,Ground Beef or Lamb,Grapes,Laundry Detergent,Carrots,Potatoes,Butter
Dishwashing Liquid,Prawns or Shrimp,Ginger
Tomatoes,Cucumber,Ginger,Paneer or Tofu,Broccoli,Carrots,Grapes
