Onions,Fresh Fish Fillets,Cucumber,Ginger
Bell Peppers,Fresh Fish Fillets,Spinach,Chicken Breast,sunflower oil,Cottage cheese
Butter,Oranges,Tomatoes,Onions
Garlic,Ginger,Greek Yogurt,cheese
Cottage cheese,Garlic,lamb
Ginger,Grapes,Butter,Cucumber,Dishwashing Liquid,Onions,Carrots,lamb,Oranges
Cucumber,Bell Peppers,Garlic,Prawns,Bananas,Spinach,Potatoes,Lemons
Apples,Laundry Detergent,cheese,Cucumber
Fresh Fish Fillets,Grapes,Cottage cheese
Sponges/Scrubbers,Lemons,Potatoes,Cottage cheese
All-Purpose Surface Cleaner,Eggs,cheese,Apples,Butter,Garlic,lamb
Tomatoes,Chicken Breast,Ginger,Prawns
Potatoes,Laundry Detergent,Ginger,Spinach,Lemons,Cucumber,Grapes
Carrots,Apples,sunflower oil,Garlic,Chicken Breast,Cucumber,lamb,Dishwashing Liquid
cheese,Eggs,Carrots,Cottage cheese
Carrots,Grapes,Lemons,Cucumber,Eggs,lamb
Chicken Breast,Bananas,All-Purpose Surface Cleaner,Prawns,Laundry Detergent,Tomatoes
All-Purpose Surface Cleaner,Tomatoes,Dishwashing Liquid,Bananas,Lemons,Cucumber
Garlic,Sponges/Scrubbers,Butter,sunflower oil
Garlic,Eggs,Full-Cream Milk,Lemons,sunflower oil,Grapes,Bell Peppers,Cucumber
Ginger,Fresh Fish Fillets,Cottage cheese,Cucumber,Butter
sunflower oil,Butter,Lemons,Apples,Ginger,Bell Peppers,Greek Yogurt,Full-Cream Milk,Potatoes
Laundry Detergent,Spinach,Bell Peppers
Dishwashing Liquid,Chicken Breast,Oranges,cheese,Potatoes
Lemons,cheese,Grapes,Greek Yogurt,Cucumber,Cottage cheese,Onions,Chicken Breast,Spinach
Prawns,Eggs,Bananas,Spinach,Broccoli,Oranges,Carrots
Onions,Fresh Fish Fillets,sunflower oil,Cucumber,Greek Yogurt,Prawns,Carrots,Dishwashing Liquid,Spinach,Eggs
All-Purpose Surface Cleaner,Eggs,Greek Yogurt,cheese,Garlic,Bell Peppers,Apples
Cottage cheese,Prawns,Sponges/Scrubbers,Greek Yogurt,Onions
Full-Cream Milk,Onions,Spinach,Apples,Dishwashing Liquid,Broccoli,Ginger,Tomatoes
sunflower oil,Butter,Potatoes,Laundry Detergent,Fresh Fish Fillets,Full-Cream Milk
Prawns,Cottage cheese,Bell Peppers,Chicken Breast
Cottage cheese,Carrots,Cucumber,Greek Yogurt,cheese,Oranges,Garlic,Sponges/Scrubbers,Fresh Fish Fillets,Broccoli
Chicken Breast,Eggs,Apples,Grapes,Greek Yogurt,All-Purpose Surface Cleaner,Spinach,Ginger,lamb
Bananas,Onions,Butter,Cottage cheese
Butter,Ginger,Onions,Potatoes,lamb,Eggs
Ginger,Potatoes,sunflower oil
Laundry Detergent,Bananas,Potatoes
Cucumber,Chicken Breast,Full-Cream Milk,Garlic,Cottage cheese,Bell Peppers
Ginger,Dishwashing Liquid,Full-Cream Milk,sunflower oil,Oranges,Garlic,Spinach,Fresh Fish Fillets,Chicken Breast,All-Purpose Surface Cleaner
Oranges,Sponges/Scrubbers,Grapes,Fresh Fish Fillets,Tomatoes,Chicken Breast,Eggs,All-Purpose Surface Cleaner
Tomatoes,Lemons,Fresh Fish Fillets,Bananas
Ginger,Garlic,Cottage cheese,Grapes
Oranges,Carrots,Cucumber,Grapes,Ginger
Grapes,Dishwashing Liquid,Laundry Detergent,Cottage cheese
Tomatoes,Eggs,Cottage cheese,All-Purpose Surface Cleaner
Potatoes,Sponges/Scrubbers,Prawns
Carrots,Oranges,Full-Cream Milk,Laundry Detergent,Garlic,Lemons
Carrots,Lemons,Onions
Cucumber,Dishwashing Liquid,sunflower oil,Grapes,Broccoli,Oranges,lamb,Cottage cheese,Chicken Breast
Bell Peppers,Garlic,Broccoli,sunflower oil,Tomatoes,Butter,Fresh Fish Fillets,Cottage cheese,Dishwashing Liquid,Bananas
Tomatoes,Butter,Full-Cream Milk
Tomatoes,Greek Yogurt,Potatoes,Laundry Detergent,Carrots
cheese,Potatoes,Chicken Breast,Laundry Detergent
Lemons,Spinach,Butter,Ginger,Laundry Detergent,cheese
cheese,Potatoes,Oranges
Sponges/Scrubbers,Cucumber,Garlic,Chicken Breast,lamb,Bananas,Ginger,sunflower oil
Bell Peppers,Chicken Breast,Eggs,Broccoli,Grapes,Bananas,Potatoes,Onions,Dishwashing Liquid
Potatoes,Cottage cheese,Garlic,Greek Yogurt
Bell Peppers,Apples,Potatoes,Ginger,sunflower oil,Broccoli,Carrots
All-Purpose Surface Cleaner,Cottage cheese,lamb,Broccoli,cheese,Eggs,Greek Yogurt,Onions,Chicken Breast,sunflower oil
Sponges/Scrubbers,Chicken Breast,Spinach,Bell Peppers,Cucumber,Laundry Detergent,Prawns
Cucumber,Broccoli,cheese,Garlic,lamb
Garlic,Chicken Breast,Eggs,Cucumber,Greek Yogurt,Full-Cream Milk,All-Purpose Surface Cleaner,Tomatoes
Eggs,Oranges,All-Purpose Surface Cleaner,Cucumber
Onions,Bananas,Prawns
Eggs,Cucumber,Carrots,Fresh Fish Fillets,Grapes
Cottage cheese,Onions,Spinach,Potatoes,lamb,Bell Peppers,Sponges/Scrubbers,Tomatoes,Apples
Oranges,Bell Peppers,Tomatoes,Broccoli,Apples
sunflower oil,Apples,Garlic
Chicken Breast,Spinach,Apples,Prawns,Cottage cheese,Oranges
Sponges/Scrubbers,Ginger,Laundry Detergent,Carrots,Dishwashing Liquid
sunflower oil,Oranges,Onions,Carrots,Fresh Fish Fillets
Dishwashing Liquid,Oranges,Sponges/Scrubbers,Chicken Breast,Fresh Fish Fillets,Ginger,Cucumber,Carrots
Lemons,Laundry Detergent,Tomatoes,Full-Cream Milk
Garlic,All-Purpose Surface Cleaner,Grapes,Apples,Broccoli,Ginger
Onions,Chicken Breast,Garlic,Lemons,Bananas,Cucumber
Prawns,Cucumber,Apples,Eggs
Chicken Breast,All-Purpose Surface Cleaner,Cottage cheese,Bananas,Onions,Spinach,Cucumber,Carrots,Butter
Tomatoes,Spinach,cheese,Oranges,Apples,Fresh Fish Fillets,Bananas
cheese,Greek Yogurt,Spinach,Lemons,Butter,Garlic,Cucumber,Tomatoes,Oranges
Greek Yogurt,Sponges/Scrubbers,Dishwashing Liquid
Apples,Oranges,Potatoes,Chicken Breast,Bananas,cheese
Chicken Breast,Laundry Detergent,Spinach,Fresh Fish Fillets,Broccoli,Greek Yogurt,Dishwashing Liquid,Sponges/Scrubbers
Bananas,Lemons,lamb,Broccoli,Cottage cheese,Bell Peppers,Garlic,Oranges,Chicken Breast
Chicken Breast,Fresh Fish Fillets,Carrots,cheese,Butter,Broccoli,Lemons,Cottage cheese,Onions
Broccoli,Garlic,Oranges,Dishwashing Liquid,Butter,cheese,Eggs
Grapes,Sponges/Scrubbers,sunflower oil,Chicken Breast,Garlic,Greek Yogurt,Full-Cream Milk,Carrots
Broccoli,Greek Yogurt,Chicken Breast,Eggs
Potatoes,All-Purpose Surface Cleaner,Prawns,Ginger,Chicken Breast,Broccoli,sunflower oil,Garlic
Onions,Tomatoes,Ginger,Full-Cream Milk,cheese
Grapes,Oranges,sunflower oil,Eggs
lamb,Sponges/Scrubbers,Lemons,Full-Cream Milk,Laundry Detergent,Ginger
Eggs,lamb,Onions,sunflower oil,Prawns
Prawns,Oranges,Ginger,Carrots
Tomatoes,Cottage cheese,Ginger,Spinach,Grapes,Bell Peppers,Dishwashing Liquid,Chicken Breast,Greek Yogurt,sunflower oil
Prawns,sunflower oil,Grapes,cheese,Fresh Fish Fillets,Greek Yogurt,Oranges,Cottage cheese
sunflower oil,Carrots,Fresh Fish Fillets,Full-Cream Milk,Grapes,Cucumber,Ginger,Eggs,Prawns,Greek Yogurt
Eggs,Ginger,Cucumber,Grapes,Potatoes,lamb,Broccoli,sunflower oil,Laundry Detergent,Bananas
sunflower oil,Cottage cheese,Potatoes,Bell Peppers,All-Purpose Surface Cleaner,Ginger,Lemons,lamb
lamb,Garlic,Potatoes,Oranges,Bananas
Oranges,Tomatoes,Garlic,All-Purpose Surface Cleaner,Sponges/Scrubbers,Lemons,Butter,lamb,Onions,Fresh Fish Fillets
Full-Cream Milk,Onions,Apples,Broccoli,Prawns,Lemons,Oranges,Cottage cheese,lamb
Full-Cream Milk,Ginger,Cucumber,Oranges,Sponges/Scrubbers,Onions
Bananas,Chicken Breast,sunflower oil,Dishwashing Liquid,Lemons,Fresh Fish Fillets,Carrots,Grapes,Bell Peppers
Sponges/Scrubbers,Lemons,Butter
Potatoes,Eggs,Oranges
Laundry Detergent,Grapes,Carrots,Tomatoes,Cucumber
Bananas,Garlic,Grapes,Sponges/Scrubbers,All-Purpose Surface Cleaner,Prawns,Lemons,Cucumber,Oranges
All-Purpose Surface Cleaner,Potatoes,Full-Cream Milk,Onions,Fresh Fish Fillets,Cottage cheese,Tomatoes
Ginger,Eggs,Potatoes,Prawns,sunflower oil,Tomatoes,Onions,Sponges/Scrubbers
All-Purpose Surface Cleaner,Onions,cheese,Bell Peppers,Ginger,Sponges/Scrubbers
Chicken Breast,Spinach,Butter,Garlic,Grapes,lamb,Cucumber,Apples,Carrots,cheese
Prawns,All-Purpose Surface Cleaner,Carrots,Broccoli
Butter,Onions,Sponges/Scrubbers,Broccoli
Lemons,lamb,Garlic,Potatoes,Butter,sunflower oil,Eggs,Ginger,Spinach
Laundry Detergent,Chicken Breast,cheese,Dishwashing Liquid,Spinach,Butter,Tomatoes
Cottage cheese,Oranges,Chicken Breast,Apples,Potatoes,Greek Yogurt,Eggs,Bananas
Laundry Detergent,Oranges,All-Purpose Surface Cleaner
Spinach,Oranges,Apples,Eggs,Grapes,lamb,Bell Peppers,sunflower oil,Carrots,Greek Yogurt
cheese,Dishwashing Liquid,Cottage cheese,Prawns,Full-Cream Milk,Grapes,Oranges
Bananas,Laundry Detergent,Ginger,All-Purpose Surface Cleaner,Potatoes,Cucumber,Grapes
Prawns,Grapes,Butter,cheese,Chicken Breast,Lemons
Onions,Full-Cream Milk,Laundry Detergent,Bananas,Carrots,sunflower oil,Garlic,Apples
Bananas,Cucumber,cheese,lamb,sunflower oil,Cottage cheese,Onions
Potatoes,Ginger,Fresh Fish Fillets,Oranges,Full-Cream Milk,Cottage cheese
lamb,Full-Cream Milk,Eggs,Sponges/Scrubbers,sunflower oil,Grapes
Potatoes,Broccoli,Ginger
lamb,Ginger,Broccoli,Chicken Breast,Butter,Apples,Full-Cream Milk,Cottage cheese,Greek Yogurt
Oranges,Fresh Fish Fillets,Cottage cheese,Bananas,Apples,lamb,Grapes,Cucumber
Cucumber,Ginger,Spinach,Fresh Fish Fillets,Garlic,Bananas,Laundry Detergent
Garlic,Fresh Fish Fillets,Full-Cream Milk,Cucumber,Butter
Spinach,All-Purpose Surface Cleaner,Garlic,Broccoli,Ginger,Apples,Carrots
Onions,lamb,Cottage cheese,Bell Peppers,Cucumber,Tomatoes,Prawns
lamb,Bell Peppers,Eggs,Prawns,Full-Cream Milk,Spinach,Onions
Full-Cream Milk,Sponges/Scrubbers,Grapes,Bananas,Carrots,Tomatoes,Cucumber
Spinach,All-Purpose Surface Cleaner,Potatoes,Lemons,Full-Cream Milk,Laundry Detergent,Butter,Eggs,Chicken Breast,Tomatoes
Bell Peppers,Dishwashing Liquid,Butter,Broccoli,Potatoes
Spinach,Cottage cheese,Prawns,Oranges,cheese,Dishwashing Liquid
Prawns,Greek Yogurt,Lemons,Grapes,All-Purpose Surface Cleaner,Broccoli
Broccoli,Butter,cheese,Tomatoes,Laundry Detergent,Fresh Fish Fillets,Spinach,Garlic,Eggs
Cucumber,Chicken Breast,Potatoes,Carrots,Ginger,All-Purpose Surface Cleaner
Carrots,Onions,Oranges,Grapes
Broccoli,Tomatoes,Ginger,Sponges/Scrubbers,lamb,All-Purpose Surface Cleaner,Dishwashing Liquid,Grapes,Potatoes,Laundry Detergent
Dishwashing Liquid,Sponges/Scrubbers,Eggs,Butter,Chicken Breast,Garlic,Oranges
Cottage cheese,Ginger,Eggs,Bell Peppers
All-Purpose Surface Cleaner,Bell Peppers,Potatoes,Tomatoes,Carrots,Broccoli,cheese
Grapes,Spinach,Sponges/Scrubbers,lamb,Broccoli,All-Purpose Surface Cleaner,Lemons
Greek Yogurt,Cottage cheese,Full-Cream Milk,Grapes,Potatoes,cheese,Tomatoes
Fresh Fish Fillets,Bananas,cheese,Cucumber,Onions,Potatoes,Ginger,Chicken Breast,Butter
Prawns,Chicken Breast,All-Purpose Surface Cleaner
Butter,Tomatoes,Prawns,Laundry Detergent,Carrots,Full-Cream Milk,Greek Yogurt
Sponges/Scrubbers,Cucumber,Carrots,Butter,Oranges,Eggs,Full-Cream Milk,Potatoes,Fresh Fish Fillets,Apples
Bananas,Sponges/Scrubbers,Chicken Breast,Spinach,Carrots,sunflower oil,Oranges,lamb,Full-Cream Milk
Chicken Breast,Lemons,All-Purpose Surface Cleaner,Prawns,Cottage cheese,Tomatoes,Grapes
Bananas,Cucumber,Spinach,Prawns
Laundry Detergent,Greek Yogurt,All-Purpose Surface Cleaner,Onions,Chicken Breast,Cottage cheese,Grapes,Oranges,Tomatoes
Greek Yogurt,Apples,cheese,Prawns,Full-Cream Milk,Eggs
Prawns,Tomatoes,Garlic,Cucumber,Cottage cheese,Bell Peppers,Broccoli,Grapes,Full-Cream Milk,Spinach
Eggs,cheese,Dishwashing Liquid
lamb,Carrots,Broccoli,Cottage cheese,Onions,All-Purpose Surface Cleaner
Potatoes,Ginger,All-Purpose Surface Cleaner,Spinach,Grapes,Laundry Detergent,Eggs,Bell Peppers,Full-Cream Milk
Greek Yogurt,lamb,Cucumber,Oranges,Full-Cream Milk,Dishwashing Liquid,Ginger
Cottage cheese,Bell Peppers,Lemons,Garlic,cheese,Greek Yogurt,Fresh Fish Fillets,sunflower oil,Potatoes,Cucumber
Bananas,Dishwashing Liquid,Greek Yogurt,Cucumber,Onions,Broccoli,Fresh Fish Fillets,Prawns,Butter
Laundry Detergent,Bell Peppers,Grapes,Cottage cheese,Full-Cream Milk,Apples,Bananas,All-Purpose Surface Cleaner,lamb,Lemons
Sponges/Scrubbers,Bananas,Laundry Detergent,Garlic,lamb,Ginger,Butter,Lemons,Prawns,Oranges
Bananas,Fresh Fish Fillets,Full-Cream Milk
Lemons,Chicken Breast,Dishwashing Liquid,All-Purpose Surface Cleaner,Eggs,Bell Peppers,Full-Cream Milk,Tomatoes,Prawns
Laundry Detergent,Spinach,Sponges/Scrubbers,Grapes,sunflower oil,Greek Yogurt,All-Purpose Surface Cleaner,Onions
Oranges,Laundry Detergent,Eggs,Bell Peppers,Potatoes
Dishwashing Liquid,Cucumber,Bananas,cheese,lamb,Lemons,Eggs,Potatoes,Laundry Detergent,Cottage cheese
Bananas,Eggs,lamb,Prawns,Full-Cream Milk,Cottage cheese,Tomatoes,cheese,Potatoes
Eggs,Chicken Breast,Broccoli,Ginger,Fresh Fish Fillets,Potatoes
Spinach,Prawns,Eggs,lamb,Sponges/Scrubbers,Grapes,Carrots,All-Purpose Surface Cleaner,Broccoli
Tomatoes,Bananas,Dishwashing Liquid
Broccoli,Apples,Oranges
Ginger,Greek Yogurt,Oranges,Butter,Chicken Breast
Carrots,Potatoes,cheese,Laundry Detergent,Lemons
Full-Cream Milk,Butter,Bell Peppers,Ginger,Grapes,Eggs
Grapes,Cucumber,Chicken Breast,Onions,Dishwashing Liquid,Sponges/Scrubbers,Broccoli
Potatoes,Grapes,Apples,Butter,Broccoli
lamb,Cucumber,Grapes,Broccoli,Garlic,Lemons,Full-Cream Milk,Spinach,Ginger
Butter,Apples,Sponges/Scrubbers,Broccoli,lamb,All-Purpose Surface Cleaner,Onions,Chicken Breast,Lemons
Onions,Butter,Laundry Detergent,Chicken Breast,Prawns,Fresh Fish Fillets,Tomatoes
All-Purpose Surface Cleaner,sunflower oil,Broccoli,Prawns,Dishwashing Liquid,Ginger,cheese,Apples,Sponges/Scrubbers,Eggs
cheese,Cucumber,Chicken Breast,Prawns,Fresh Fish Fillets,All-Purpose Surface Cleaner
Eggs,Spinach,sunflower oil,Tomatoes,Broccoli
Tomatoes,Butter,Apples,Fresh Fish Fillets,Bell Peppers,Potatoes,Broccoli,Bananas,Oranges,Carrots
Bell Peppers,Dishwashing Liquid,Cottage cheese,Apples,Greek Yogurt,sunflower oil
All-Purpose Surface Cleaner,Carrots,Cucumber,Sponges/Scrubbers,Full-Cream Milk,Broccoli,Fresh Fish Fillets
Dishwashing Liquid,Spinach,Grapes,Potatoes,Bell Peppers,Prawns,Ginger,Chicken Breast
Laundry Detergent,Dishwashing Liquid,Cottage cheese,Apples,Potatoes,Lemons,Onions,Cucumber,Sponges/Scrubbers
Grapes,Apples,Chicken Breast,Fresh Fish Fillets
Butter,Lemons,All-Purpose Surface Cleaner,Eggs,Apples,Spinach,Chicken Breast
Full-Cream Milk,Onions,cheese,Cottage cheese,Bananas,Laundry Detergent
Eggs,Potatoes,Sponges/Scrubbers,All-Purpose Surface Cleaner,Grapes,lamb
Eggs,Oranges,Spinach,Bell Peppers,Tomatoes,Dishwashing Liquid,Broccoli
Spinach,Sponges/Scrubbers,Ginger,Cottage cheese,Bell Peppers,Lemons,Grapes,Apples,Chicken Breast,All-Purpose Surface Cleaner
Butter,Fresh Fish Fillets,sunflower oil,Bell Peppers,Oranges,Eggs,Spinach,Full-Cream Milk,cheese
Cucumber,Tomatoes,lamb,Apples,Garlic,Grapes,Prawns,Ginger,All-Purpose Surface Cleaner
Chicken Breast,Apples,Cottage cheese,sunflower oil
Tomatoes,Lemons,Cucumber,Garlic,Spinach,Grapes,Potatoes,Chicken Breast
Eggs,Sponges/Scrubbers,cheese,Onions,Tomatoes,Bananas
Bell Peppers,Dishwashing Liquid,Butter,Garlic,Potatoes,Prawns
Butter,Garlic,All-Purpose Surface Cleaner,Ginger,Bananas,Prawns
Dishwashing Liquid,sunflower oil,cheese,Onions,Cucumber
Bell Peppers,Cottage cheese,Cucumber,Dishwashing Liquid,Carrots
Chicken Breast,Laundry Detergent,Onions,Bell Peppers
Apples,Dishwashing Liquid,Ginger
Onions,Carrots,Cucumber,Tomatoes,Bell Peppers,Fresh Fish Fillets,Oranges,Greek Yogurt
Fresh Fish Fillets,Potatoes,Full-Cream Milk,Grapes
Greek Yogurt,Butter,Spinach,Grapes,Sponges/Scrubbers,Ginger,cheese,Tomatoes
Grapes,Eggs,Onions,Tomatoes,Full-Cream Milk,Lemons,Oranges
Full-Cream Milk,lamb,Sponges/Scrubbers,Grapes
sunflower oil,Potatoes,Bananas,cheese
Potatoes,Bell Peppers,Cucumber,cheese,Eggs
Lemons,cheese,Greek Yogurt,Broccoli,Grapes,Laundry Detergent,sunflower oil,Oranges
Dishwashing Liquid,lamb,Spinach,Laundry Detergent
Oranges,Grapes,Ginger,Sponges/Scrubbers,Bananas,sunflower oil
Oranges,Fresh Fish Fillets,Spinach,Bananas,Sponges/Scrubbers,All-Purpose Surface Cleaner,Chicken Breast,Cucumber,Apples
Chicken Breast,Sponges/Scrubbers,Full-Cream Milk,Potatoes,All-Purpose Surface Cleaner
Potatoes,Oranges,Spinach,Fresh Fish Fillets
Dishwashing Liquid,Bell Peppers,Cottage cheese,Tomatoes,Butter,Laundry Detergent,Prawns,Bananas
Oranges,Apples,Laundry Detergent,Chicken Breast
Laundry Detergent,Fresh Fish Fillets,Tomatoes,Broccoli,cheese,All-Purpose Surface Cleaner,Apples,Spinach,Butter
Bell Peppers,Chicken Breast,Full-Cream Milk,Ginger,Spinach,Apples
Spinach,Prawns,Cucumber,Butter,Ginger,Oranges,Cottage cheese,cheese
cheese,Sponges/Scrubbers,Chicken Breast
Onions,Carrots,Cucumber,lamb,Prawns,Broccoli,Bananas
Onions,Carrots,Laundry Detergent,Bell Peppers,Butter,Chicken Breast,Lemons,Potatoes
Fresh Fish Fillets,Eggs,Onions,Potatoes,Greek Yogurt
Lemons,Oranges,Grapes,Bananas,Carrots,Apples
Fresh Fish Fillets,Bananas,Prawns,Butter,cheese,Potatoes,Tomatoes
Carrots,Prawns,cheese,Tomatoes,Chicken Breast
Cucumber,Grapes,Chicken Breast,Oranges
cheese,Grapes,Oranges,Cucumber,Garlic,Prawns,Greek Yogurt,Spinach,Apples,Laundry Detergent
Broccoli,Chicken Breast,Butter,Full-Cream Milk
Tomatoes,Ginger,Lemons,cheese,Sponges/Scrubbers,Onions,Garlic
Garlic,Prawns,Bell Peppers,sunflower oil,Cucumber,Broccoli,Bananas
Onions,Full-Cream Milk,Fresh Fish Fillets,Oranges
Bell Peppers,Lemons,Cottage cheese,lamb,Ginger
Potatoes,Lemons,Laundry Detergent,Fresh Fish Fillets,Tomatoes,Oranges,Onions,Grapes
Laundry Detergent,Bananas,Butter,Oranges
lamb,Eggs,Oranges,Broccoli,Spinach,Lemons,Onions,Bananas,Carrots
All-Purpose Surface Cleaner,lamb,Apples,Potatoes,Oranges,Spinach,Ginger,Dishwashing Liquid,Butter,Lemons
Lemons,Laundry Detergent,Broccoli,Fresh Fish Fillets
Ginger,Bananas,Prawns,Carrots,Potatoes,Greek Yogurt,Eggs,Spinach
sunflower oil,Prawns,Apples,Laundry Detergent,Fresh Fish Fillets,Eggs
Ginger,Spinach,Bell Peppers,Cucumber,Garlic
cheese,Bell Peppers,Prawns,Eggs,Potatoes
Prawns,Eggs,Full-Cream Milk,Grapes,Butter
Chicken Breast,sunflower oil,Butter,Eggs,All-Purpose Surface Cleaner,cheese,Bananas,Dishwashing Liquid,Fresh Fish Fillets,Bell Peppers
Potatoes,Full-Cream Milk,Grapes,Eggs,Broccoli,Cucumber,Butter,Tomatoes,Apples,Greek Yogurt
Broccoli,Grapes,Tomatoes,Apples
Potatoes,Eggs,Laundry Detergent,Sponges/Scrubbers,cheese,Dishwashing Liquid,Greek Yogurt
Grapes,Butter,Cottage cheese,Dishwashing Liquid,Fresh Fish Fillets,Tomatoes,Sponges/Scrubbers,sunflower oil,Eggs
Bananas,cheese,Full-Cream Milk,Greek Yogurt,Bell Peppers,Tomatoes
Spinach,Dishwashing Liquid,All-Purpose Surface Cleaner,Bananas,lamb,Potatoes,Greek Yogurt,Eggs,Carrots,Tomatoes
lamb,Grapes,sunflower oil,Greek Yogurt,All-Purpose Surface Cleaner,cheese
Apples,Sponges/Scrubbers,Broccoli,Lemons,Oranges
Chicken Breast,cheese,Tomatoes,Dishwashing Liquid,Eggs,All-Purpose Surface Cleaner,Bananas,Potatoes
Spinach,Cottage cheese,Chicken Breast,Lemons,Broccoli,Cucumber,Fresh Fish Fillets,Laundry Detergent
Bananas,Potatoes,Butter,Chicken Breast,Bell Peppers
Broccoli,Eggs,lamb,Chicken Breast,Lemons,Bell Peppers,cheese,Laundry Detergent
Broccoli,Cottage cheese,Lemons,Eggs
All-Purpose Surface Cleaner,Bell Peppers,Chicken Breast,lamb,Fresh Fish Fillets,Laundry Detergent,Greek Yogurt,Potatoes
Greek Yogurt,Apples,Onions,sunflower oil,Broccoli,Carrots,Garlic,Bananas,Full-Cream Milk
Ginger,Bell Peppers,sunflower oil,Potatoes,Broccoli,Spinach
Chicken Breast,Bananas,sunflower oil
cheese,Lemons,Bell Peppers,Carrots,All-Purpose Surface Cleaner
Fresh Fish Fillets,Grapes,Tomatoes,Oranges,Apples
Grapes,cheese,Broccoli,Prawns,Fresh Fish Fillets,Sponges/Scrubbers
Cottage cheese,Ginger,Broccoli,Dishwashing Liquid,All-Purpose Surface Cleaner,Full-Cream Milk
Apples,Chicken Breast,Butter,Grapes,All-Purpose Surface Cleaner,Prawns
Prawns,Lemons,Greek Yogurt,Laundry Detergent,Oranges,Carrots,Garlic
Laundry Detergent,Cucumber,Tomatoes,Eggs,Full-Cream Milk
Cottage cheese,Spinach,lamb,Greek Yogurt,sunflower oil,Broccoli,Potatoes,Carrots
Grapes,sunflower oil,Greek Yogurt,Bell Peppers,Oranges,Potatoes,Ginger
sunflower oil,Apples,Onions,Oranges,Tomatoes,Lemons,Greek Yogurt,Sponges/Scrubbers,Ginger,Prawns
Apples,Ginger,Onions,Bananas
All-Purpose Surface Cleaner,lamb,Eggs,Bananas
Bell Peppers,Tomatoes,Broccoli,Sponges/Scrubbers,All-Purpose Surface Cleaner
lamb,All-Purpose Surface Cleaner,Bell Peppers,Prawns,Sponges/Scrubbers,Full-Cream Milk,Grapes,cheese,Onions,Potatoes
Cucumber,Garlic,All-Purpose Surface Cleaner
Cottage cheese,Fresh Fish Fillets,cheese,Greek Yogurt,Oranges
Prawns,Broccoli,Ginger,Spinach
Ginger,Oranges,Eggs
Potatoes,Spinach,All-Purpose Surface Cleaner,Full-Cream Milk,cheese,Cottage cheese,Onions,Eggs,Greek Yogurt,Butter
lamb,Bell Peppers,Broccoli,Oranges,Onions,cheese
Ginger,Butter,Oranges,Carrots,Chicken Breast,Dishwashing Liquid,Potatoes,Greek Yogurt
Potatoes,Greek Yogurt,Cottage cheese,sunflower oil,Dishwashing Liquid,All-Purpose Surface Cleaner,Laundry Detergent,Onions
Laundry Detergent,Full-Cream Milk,Tomatoes,Eggs,Lemons,Apples,Cucumber,Onions,Prawns
Apples,Ginger,Fresh Fish Fillets,Chicken Breast
Prawns,Butter,Fresh Fish Fillets,Bananas
Tomatoes,Apples,Cottage cheese,Bananas,All-Purpose Surface Cleaner
All-Purpose Surface Cleaner,Prawns,Chicken Breast,Grapes,lamb
Eggs,Carrots,Dishwashing Liquid,Bell Peppers,Potatoes,lamb,Grapes,Tomatoes,Broccoli,Garlic
Dishwashing Liquid,Garlic,sunflower oil
Bananas,Sponges/Scrubbers,Broccoli
All-Purpose Surface Cleaner,Cottage cheese,Full-Cream Milk,Cucumber,Tomatoes,Prawns,Eggs,Garlic,Broccoli
Laundry Detergent,Prawns,Tomatoes,Eggs,Bananas,Cucumber,Spinach,Apples
sunflower oil,Lemons,Fresh Fish Fillets,Grapes,Sponges/Scrubbers,Bananas,Carrots,Full-Cream Milk,lamb
Sponges/Scrubbers,Dishwashing Liquid,Greek Yogurt,Cucumber,sunflower oil,Potatoes,Fresh Fish Fillets,Oranges
Oranges,cheese,All-Purpose Surface Cleaner,Carrots
Bananas,Spinach,Potatoes,Sponges/Scrubbers,Chicken Breast,Broccoli,Prawns
cheese,lamb,Oranges,Carrots,sunflower oil,Grapes,Apples,Prawns,Tomatoes,Fresh Fish Fillets
Cucumber,Eggs,Dishwashing Liquid,Tomatoes,Potatoes,Chicken Breast,sunflower oil,Lemons,Apples
Onions,Bell Peppers,Laundry Detergent,cheese,Chicken Breast
Tomatoes,Bell Peppers,Potatoes,Ginger,Prawns,Eggs,Apples,Fresh Fish Fillets,Lemons,Butter
cheese,Bell Peppers,Chicken Breast
Apples,Sponges/Scrubbers,Grapes,Prawns,Potatoes,Butter,Bell Peppers,Greek Yogurt,sunflower oil,Lemons
Eggs,Cucumber,Ginger,Spinach,Onions,Fresh Fish Fillets,Carrots,Full-Cream Milk
Sponges/Scrubbers,Cottage cheese,Spinach,Cucumber,Prawns,All-Purpose Surface Cleaner,lamb,Grapes,Garlic
lamb,Full-Cream Milk,Garlic,Spinach,Bell Peppers,Potatoes,Grapes
sunflower oil,lamb,Grapes,Potatoes,Dishwashing Liquid
Chicken Breast,Apples,lamb,Potatoes,Cottage cheese,Dishwashing Liquid,Broccoli,Fresh Fish Fillets
lamb,Sponges/Scrubbers,Eggs,Carrots,Dishwashing Liquid
Greek Yogurt,Ginger,Spinach,Garlic,Dishwashing Liquid,Bell Peppers,sunflower oil,Full-Cream Milk
Apples,Cottage cheese,Butter
Grapes,Dishwashing Liquid,Cottage cheese,Bell Peppers,cheese,Potatoes,Prawns,Broccoli
lamb,Fresh Fish Fillets,Full-Cream Milk,Greek Yogurt,Oranges,Prawns,Dishwashing Liquid,Butter,Potatoes
Bananas,Eggs,Potatoes,Grapes,Chicken Breast
Bell Peppers,sunflower oil,All-Purpose Surface Cleaner,Prawns,Cottage cheese,Eggs,Butter,Carrots
Oranges,Greek Yogurt,Sponges/Scrubbers,Laundry Detergent,Tomatoes
Greek Yogurt,Bell Peppers,Broccoli,Carrots
Bananas,Sponges/Scrubbers,lamb,Ginger,Apples
Laundry Detergent,Potatoes,Cucumber,Garlic,Eggs,Cottage cheese,Sponges/Scrubbers
Eggs,Broccoli,cheese,Cottage cheese,Potatoes
Butter,Bell Peppers,Carrots,Chicken Breast,cheese
All-Purpose Surface Cleaner,Butter,Tomatoes,Sponges/Scrubbers,Onions,Potatoes,Laundry Detergent,Eggs
Eggs,Garlic,Prawns,Butter,Oranges,cheese,Sponges/Scrubbers
Full-Cream Milk,sunflower oil,Eggs
Eggs,Broccoli,Full-Cream Milk,Ginger,Dishwashing Liquid,Chicken Breast,Lemons
Grapes,Potatoes,lamb,Tomatoes,Carrots,Sponges/Scrubbers,Oranges
Grapes,Garlic,Bananas,cheese,Bell Peppers,Laundry Detergent,lamb,Prawns,Apples,Lemons
Prawns,Apples,Greek Yogurt,Cottage cheese,Spinach
Ginger,Grapes,Spinach,Cucumber,sunflower oil,Sponges/Scrubbers,Bell Peppers,Laundry Detergent
Broccoli,Lemons,Laundry Detergent
Ginger,Laundry Detergent,Carrots,All-Purpose Surface Cleaner,Bananas,Butter,Fresh Fish Fillets,Dishwashing Liquid,Garlic
Full-Cream Milk,Greek Yogurt,Grapes,sunflower oil,Broccoli
Onions,Potatoes,Lemons,Greek Yogurt,Grapes,Ginger,Garlic,Butter,Apples,Tomatoes
Broccoli,Full-Cream Milk,cheese
Broccoli,Cottage cheese,Onions,Spinach,Oranges,Bell Peppers,Cucumber,Apples,Lemons,lamb
Lemons,Tomatoes,Butter
Apples,Cottage cheese,Broccoli,Potatoes,Lemons,Greek Yogurt
Prawns,Cottage cheese,Cucumber,All-Purpose Surface Cleaner,cheese,Chicken Breast,Dishwashing Liquid,Spinach,Bell Peppers,lamb
Apples,Dishwashing Liquid,Bananas,Cottage cheese,Sponges/Scrubbers,Prawns,Bell Peppers,Garlic,cheese
Greek Yogurt,Tomatoes,sunflower oil,Laundry Detergent,Bell Peppers,lamb,Bananas,Full-Cream Milk,Sponges/Scrubbers
Bell Peppers,cheese,Greek Yogurt,Sponges/Scrubbers,Bananas,sunflower oil,Dishwashing Liquid,Carrots,Lemons,Prawns
Butter,Bananas,Greek Yogurt,All-Purpose Surface Cleaner,Laundry Detergent,Cottage cheese,Full-Cream Milk
Full-Cream Milk,All-Purpose Surface Cleaner,Onions,Apples,Bananas,Chicken Breast,Spinach
Butter,Broccoli,Dishwashing Liquid,Fresh Fish Fillets,lamb,Eggs,Onions,cheese,Full-Cream Milk
Eggs,Dishwashing Liquid,Prawns,Butter,All-Purpose Surface Cleaner,Ginger,Fresh Fish Fillets
Butter,Full-Cream Milk,Carrots
Bell Peppers,All-Purpose Surface Cleaner,Chicken Breast,Ginger,Tomatoes,Butter,lamb,Spinach,Garlic
Grapes,Bananas,Oranges
Oranges,lamb,Garlic,Greek Yogurt,Prawns
Laundry Detergent,Sponges/Scrubbers,Fresh Fish Fillets,sunflower oil,Tomatoes,lamb,Bell Peppers,Greek Yogurt,Garlic,Cottage cheese
Chicken Breast,Full-Cream Milk,Greek Yogurt,Lemons,Bananas,Carrots,Grapes,Cottage cheese
Cottage cheese,Apples,Chicken Breast,Prawns,Fresh Fish Fillets,Laundry Detergent,Eggs,lamb
cheese,Full-Cream Milk,Garlic,Ginger,Cucumber,Cottage cheese,Broccoli
Broccoli,Prawns,Sponges/Scrubbers,lamb,Garlic,All-Purpose Surface Cleaner
Bananas,Full-Cream Milk,Apples,Cottage cheese,Dishwashing Liquid,Fresh Fish Fillets,Cucumber,Broccoli,Spinach,Butter
sunflower oil,Lemons,All-Purpose Surface Cleaner,Apples,Prawns,Bell Peppers,Broccoli,Tomatoes,Fresh Fish Fillets
Apples,Sponges/Scrubbers,Grapes,Eggs
Fresh Fish Fillets,Full-Cream Milk,Garlic,Laundry Detergent,Cottage cheese,Cucumber,Dishwashing Liquid
Bell Peppers,Spinach,cheese,Fresh Fish Fillets,Butter,Ginger,Prawns
Chicken Breast,sunflower oil,Greek Yogurt
Eggs,Ginger,Tomatoes,Spinach,Oranges,Bananas
Spinach,Chicken Breast,Prawns,Bell Peppers,Onions,Cottage cheese,Carrots,Oranges,Eggs,Full-Cream Milk
Eggs,Garlic,Prawns,Broccoli,Bananas,All-Purpose Surface Cleaner,Sponges/Scrubbers,Tomatoes,Potatoes,Fresh Fish Fillets
Cottage cheese,Fresh Fish Fillets,sunflower oil,Tomatoes,Carrots,Oranges
Sponges/Scrubbers,Tomatoes,All-Purpose Surface Cleaner,Lemons,Dishwashing Liquid
Carrots,Fresh Fish Fillets,Laundry Detergent,Broccoli,Tomatoes,Onions,All-Purpose Surface Cleaner,Butter,cheese,Spinach
Broccoli,Grapes,Eggs,Cottage cheese,Greek Yogurt,Full-Cream Milk,Bell Peppers,Dishwashing Liquid
Cucumber,Garlic,Dishwashing Liquid,Spinach,Bananas,Carrots,Fresh Fish Fillets,Grapes,Eggs,Sponges/Scrubbers
Onions,Fresh Fish Fillets,Bananas,Dishwashing Liquid,Broccoli
Carrots,cheese,Laundry Detergent,Eggs,Lemons,Oranges
Potatoes,Lemons,Chicken Breast,Spinach,Carrots,Bell Peppers,Full-Cream Milk,Bananas
Onions,Cucumber,Lemons,Ginger,Grapes,Prawns
Bananas,Broccoli,Butter,Fresh Fish Fillets,Laundry Detergent,Onions,Cucumber
lamb,Ginger,Tomatoes,Chicken Breast,Spinach,Grapes,Broccoli,Carrots
Chicken Breast,Greek Yogurt,lamb,Prawns,Broccoli,Laundry Detergent,Spinach,Eggs,Dishwashing Liquid
cheese,Ginger,sunflower oil,Bell Peppers,Full-Cream Milk,All-Purpose Surface Cleaner,Grapes,Sponges/Scrubbers
Oranges,lamb,Cottage cheese,Full-Cream Milk,Prawns,Laundry Detergent,Chicken Breast,Garlic
Chicken Breast,Prawns,cheese,Dishwashing Liquid,Potatoes,Greek Yogurt
Greek Yogurt,lamb,Apples,Potatoes,Butter,Spinach,Tomatoes,Cottage cheese,Sponges/Scrubbers,Garlic
Carrots,Bananas,Laundry Detergent,Greek Yogurt,Grapes
Chicken Breast,Garlic,lamb,Butter
Potatoes,sunflower oil,Greek Yogurt,Grapes,Dishwashing Liquid,Tomatoes,All-Purpose Surface Cleaner,Bell Peppers,Laundry Detergent,Oranges
Butter,Tomatoes,Cottage cheese,Grapes,Chicken Breast,Broccoli,Fresh Fish Fillets,Onions,Lemons,Cucumber
Fresh Fish Fillets,Garlic,Butter
Tomatoes,Oranges,Apples,lamb
Cottage cheese,Tomatoes,Sponges/Scrubbers,sunflower oil
Sponges/Scrubbers,Full-Cream Milk,Tomatoes,Broccoli
Carrots,Prawns,Bell Peppers,sunflower oil,Eggs,Fresh Fish Fillets,Dishwashing Liquid,Oranges,Apples
Grapes,Laundry Detergent,Lemons,sunflower oil,Potatoes,Chicken Breast,Prawns,Cottage cheese,Bell Peppers
Spinach,Carrots,Cottage cheese,Lemons,Greek Yogurt,Bell Peppers,Fresh Fish Fillets,Ginger
Prawns,Onions,Broccoli
Chicken Breast,Fresh Fish Fillets,Cottage cheese,Oranges,Laundry Detergent,Lemons,Ginger,sunflower oil,Grapes,Apples
Cucumber,Garlic,Sponges/Scrubbers,sunflower oil,Fresh Fish Fillets
Tomatoes,Dishwashing Liquid,Chicken Breast,Oranges
Ginger,Garlic,Potatoes
cheese,Tomatoes,Grapes,Chicken Breast
Ginger,Fresh Fish Fillets,Tomatoes
Grapes,Ginger,Cottage cheese,Garlic,Prawns,Dishwashing Liquid,Tomatoes,Bell Peppers,Greek Yogurt
Ginger,All-Purpose Surface Cleaner,Fresh Fish Fillets,Butter,Bananas,sunflower oil,cheese
Ginger,Broccoli,Bell Peppers,Chicken Breast,Greek Yogurt,Sponges/Scrubbers,Oranges,sunflower oil
Tomatoes,Cottage cheese,Butter,Fresh Fish Fillets,Carrots,Eggs,Chicken Breast
Cottage cheese,Full-Cream Milk,Tomatoes,Apples,Eggs,Chicken Breast,Lemons,Greek Yogurt,Bananas
Oranges,Bell Peppers,Broccoli,Lemons,Carrots,Prawns,Cottage cheese,Full-Cream Milk,Ginger
Broccoli,Laundry Detergent,lamb,Bell Peppers,Dishwashing Liquid,Grapes
Cottage cheese,Oranges,Greek Yogurt
Lemons,Ginger,Cucumber,Garlic,Bananas
Sponges/Scrubbers,Grapes,Laundry Detergent,Apples
Cottage cheese,Fresh Fish Fillets,All-Purpose Surface Cleaner,Garlic
Cucumber,Lemons,Chicken Breast
Laundry Detergent,Potatoes,Garlic
Full-Cream Milk,Garlic,Laundry Detergent,Bananas,Broccoli,Onions
Sponges/Scrubbers,Garlic,Fresh Fish Fillets,Spinach,Laundry Detergent,Prawns
Sponges/Scrubbers,Ginger,lamb,cheese,Laundry Detergent,Garlic,Lemons,sunflower oil,Cottage cheese,Bananas
Lemons,Grapes,Cottage cheese,Eggs,Apples,Broccoli,Cucumber
Greek Yogurt,sunflower oil,Full-Cream Milk,Grapes,Spinach,Fresh Fish Fillets,Laundry Detergent,Bananas
Apples,Bananas,Oranges,Tomatoes,Butter,Ginger
Onions,Cucumber,Cottage cheese,Sponges/Scrubbers,Butter
Broccoli,Bell Peppers,Garlic,Bananas,Ginger,Lemons,Butter,Dishwashing Liquid,Full-Cream Milk
Cucumber,Prawns,All-Purpose Surface Cleaner,Full-Cream Milk,Fresh Fish Fillets,Eggs,Dishwashing Liquid,Laundry Detergent
Carrots,Fresh Fish Fillets,Dishwashing Liquid,Apples,Sponges/Scrubbers,Bell Peppers,sunflower oil,Cottage cheese,Full-Cream Milk,Laundry Detergent
Greek Yogurt,Tomatoes,All-Purpose Surface Cleaner
All-Purpose Surface Cleaner,Chicken Breast,Tomatoes,Prawns
Oranges,Bell Peppers,All-Purpose Surface Cleaner
Potatoes,lamb,Bell Peppers,Onions,Garlic,Greek Yogurt
Apples,Tomatoes,cheese,Eggs,Chicken Breast,Laundry Detergent,Full-Cream Milk,Dishwashing Liquid,Fresh Fish Fillets,Onions
Cottage cheese,Oranges,Onions
Greek Yogurt,Fresh Fish Fillets,Cucumber
Onions,Greek Yogurt,All-Purpose Surface Cleaner,lamb,Chicken Breast,Oranges,Carrots
Sponges/Scrubbers,Spinach,Greek Yogurt,Bell Peppers
Garlic,cheese,Greek Yogurt,Cucumber,Apples,All-Purpose Surface Cleaner
Potatoes,Apples,Lemons,Grapes,Butter,Ginger,lamb,Prawns,Broccoli
Eggs,Laundry Detergent,Prawns,Tomatoes
Lemons,Cottage cheese,Full-Cream Milk,Tomatoes
lamb,Carrots,Potatoes
Laundry Detergent,Oranges,Eggs,Dishwashing Liquid,Bananas,Butter,Spinach,Greek Yogurt,Tomatoes,Ginger
sunflower oil,Laundry Detergent,lamb,Butter,Full-Cream Milk,Cucumber
Sponges/Scrubbers,Potatoes,Chicken Breast
sunflower oil,Cottage cheese,Butter,Chicken Breast,Tomatoes,Carrots,Bananas
Garlic,Butter,Bell Peppers
Sponges/Scrubbers,Potatoes,Broccoli,Carrots,Butter,Ginger,Dishwashing Liquid,Lemons,Chicken Breast
Lemons,Prawns,Fresh Fish Fillets,Bell Peppers,Dishwashing Liquid,lamb,Laundry Detergent,Potatoes
Tomatoes,Spinach,Oranges,Ginger,Potatoes,Bananas,cheese,Fresh Fish Fillets
Prawns,Bananas,Onions,Eggs,Cucumber,Grapes,Full-Cream Milk,Ginger,Apples
Oranges,Carrots,Chicken Breast,Butter,Laundry Detergent,Lemons,Potatoes,cheese,Broccoli
lamb,Potatoes,sunflower oil,Cucumber,Bell Peppers,Lemons
Fresh Fish Fillets,Lemons,Bananas,Apples,Spinach
Onions,Broccoli,Grapes,Apples
Spinach,Bell Peppers,Potatoes,Carrots,Oranges,Grapes,Cottage cheese
Spinach,Onions,Potatoes,Apples,Cottage cheese,Laundry Detergent,cheese,Fresh Fish Fillets,Bananas
Onions,Broccoli,Oranges,Lemons,Prawns,Potatoes,Fresh Fish Fillets,Cottage cheese,Ginger
Chicken Breast,Lemons,Carrots,Bell Peppers,Cucumber
Cucumber,Full-Cream Milk,Bell Peppers,Potatoes,Carrots,Oranges,Sponges/Scrubbers
Broccoli,Full-Cream Milk,Dishwashing Liquid,Potatoes,Apples,Cucumber,Ginger,Eggs,sunflower oil
Grapes,Spinach,Bell Peppers,Broccoli,Onions,Lemons
All-Purpose Surface Cleaner,cheese,Lemons,Dishwashing Liquid,Bananas,Grapes,Sponges/Scrubbers,Oranges
Broccoli,Bananas,cheese,lamb,Garlic
Bananas,Carrots,Lemons,Sponges/Scrubbers,Broccoli,Fresh Fish Fillets,lamb,Eggs,Full-Cream Milk,Butter
Bananas,Lemons,Cucumber,All-Purpose Surface Cleaner,Dishwashing Liquid,sunflower oil
Spinach,Butter,Garlic,sunflower oil,Cottage cheese,Carrots,Chicken Breast,Dishwashing Liquid
Fresh Fish Fillets,Grapes,lamb
Grapes,Dishwashing Liquid,Broccoli,All-Purpose Surface Cleaner,lamb,Potatoes
Chicken Breast,Full-Cream Milk,Bell Peppers,Eggs,Broccoli,Ginger,Cucumber,Sponges/Scrubbers,Laundry Detergent
Dishwashing Liquid,Lemons,Potatoes,Grapes,cheese,Full-Cream Milk,Butter,sunflower oil,Cottage cheese
Cottage cheese,Tomatoes,Dishwashing Liquid,Apples,lamb,Sponges/Scrubbers,cheese,Eggs,Potatoes
Prawns,Ginger,Chicken Breast,Apples
Eggs,cheese,Tomatoes,Butter,Chicken Breast
Prawns,Bananas,Dishwashing Liquid,Oranges,Spinach,Onions,Laundry Detergent,Cucumber,Ginger
Grapes,Apples,Lemons,Sponges/Scrubbers,Prawns,Chicken Breast
Apples,Onions,Full-Cream Milk,Spinach,Broccoli
Sponges/Scrubbers,Potatoes,Spinach,All-Purpose Surface Cleaner,Fresh Fish Fillets,Bell Peppers,Apples,Broccoli,Bananas
Dishwashing Liquid,Garlic,Greek Yogurt,Full-Cream Milk,Apples,All-Purpose Surface Cleaner,Spinach,Grapes,lamb,Bananas
Broccoli,Tomatoes,Dishwashing Liquid,lamb
Onions,Laundry Detergent,Bananas,Eggs
Chicken Breast,Dishwashing Liquid,Carrots,Sponges/Scrubbers
Greek Yogurt,Carrots,Cottage cheese,sunflower oil,Bananas,Laundry Detergent
Grapes,Ginger,Dishwashing Liquid,Lemons,Eggs,Carrots,Prawns,Laundry Detergent,Chicken Breast
Lemons,Onions,Fresh Fish Fillets,cheese,Garlic,Grapes,Butter,Oranges,Sponges/Scrubbers
lamb,Garlic,Cucumber
Butter,Spinach,Dishwashing Liquid,Laundry Detergent
Apples,Bananas,Garlic,Grapes,Spinach
Chicken Breast,Laundry Detergent,Full-Cream Milk,Greek Yogurt,Eggs,Bananas,cheese
cheese,Lemons,Butter,Spinach,Apples,Dishwashing Liquid,Grapes,Sponges/Scrubbers,Carrots
Sponges/Scrubbers,cheese,Butter,Potatoes,Chicken Breast,Bell Peppers,Bananas
Ginger,Broccoli,Spinach,Carrots
lamb,Bell Peppers,Greek Yogurt,Lemons,Oranges,cheese,sunflower oil,Butter
Oranges,Carrots,Full-Cream Milk,Eggs,Cottage cheese,lamb,All-Purpose Surface Cleaner,sunflower oil,Dishwashing Liquid
Full-Cream Milk,Broccoli,Bell Peppers,Carrots,Bananas
cheese,Tomatoes,Laundry Detergent,Apples,Onions,Full-Cream Milk,Bell Peppers,Garlic,Lemons,Cottage cheese
Oranges,Chicken Breast,Full-Cream Milk,Sponges/Scrubbers,lamb,Grapes,Laundry Detergent,Carrots,Potatoes,Butter
Dishwashing Liquid,Prawns,Ginger
Tomatoes,Cucumber,Ginger,Cottage cheese,Broccoli,Carrots,Grapes
